id_client,nom,email,téléphone,pays,id_magasin,total_dépense
1,Georges du Da Silva,cvalette@example.com,03 58 79 30 82,Burkina Faso,11,1017.16
2,Madeleine Coste,alphonse15@example.net,0562536512,Côte d'Ivoire,1,4012.06
3,Simone Huet,nbreton@example.com,+33 (0)2 33 84 56 17,Burkina Faso,11,1304.74
4,Arthur-Joseph Dupont,agaudin@example.net,04 63 68 68 11,Cameroun,6,654.38
5,Lucy du Wagner,uguillaume@example.com,+33 3 28 87 29 22,Côte d'Ivoire,2,2757.24
6,Élisabeth Cousin,juliette41@example.org,0146057319,Burkina Faso,11,1864.85
7,Michèle Ramos,chantal45@example.org,03 55 49 66 50,Burkina Faso,11,2014.87
8,Laetitia Guilbert,henri45@example.net,+33 (0)1 79 54 58 85,Togo,3,2787.87
9,Maggie Rivière,andreedenis@example.com,03 73 96 12 68,Togo,3,2370.91
10,Antoine de Bourgeois,yves25@example.net,+33 (0)4 68 48 35 78,Cameroun,7,1751.19
11,Hélène de Blondel,nolivier@example.com,+33 3 80 69 85 92,Burkina Faso,12,4012.99
12,Inès Huet,anouk86@example.com,03 66 92 55 76,Burkina Faso,10,1068.7
13,Richard Bouchet Le Jourdan,laurence86@example.com,0547402622,Sénégal,9,4903.66
14,Théodore Bertin,odelahaye@example.com,+33 (0)7 59 69 60 65,Togo,3,1084.81
15,Antoinette-Paulette Carre,qrey@example.org,0420716345,Burkina Faso,12,4375.04
16,Éric Hoareau,clemoine@example.net,0481996602,Burkina Faso,12,207.3
17,Thibault Le Hoareau,dianeboucher@example.net,+33 3 61 21 81 73,Côte d'Ivoire,2,2826.56
18,Zoé Bousquet Le Royer,ncouturier@example.com,+33 (0)1 30 11 46 46,Cameroun,7,4561.42
19,Marianne Lelièvre,levequerene@example.net,01 56 09 11 99,Côte d'Ivoire,2,1840.76
20,Lucas Didier,wbigot@example.com,+33 5 64 81 48 93,Togo,3,3664.56
21,Françoise Roux,charlottehenry@example.com,0370160190,Burkina Faso,10,1341.2
22,Emmanuel Chevallier-Gérard,marinarthur@example.net,+33 (0)1 30 11 46 46,Burkina Faso,11,1646.95
23,Hugues Cohen,agnespoulain@example.com,+33 (0)5 34 62 99 39,Cameroun,7,3877.01
24,Adélaïde Voisin,susanneguillot@example.net,+33 2 33 00 39 87,Cameroun,7,285.55
25,Corinne Thierry,frederic90@example.com,+33 (0)1 49 84 93 21,Togo,3,725.25
26,Charles Bonneau-Mallet,wphilippe@example.net,+33 5 55 58 60 66,Togo,3,4682.25
27,Paulette Bouvier,oceane80@example.net,0320592409,Cameroun,7,1119.52
28,Roger Neveu,dos-santosmaggie@example.com,+33 6 98 78 19 55,Côte d'Ivoire,2,4725.02
29,Alice de la Langlois,davidperrot@example.net,+33 6 05 17 36 10,Côte d'Ivoire,1,3726.41
30,Alain Nguyen,aurore74@example.com,0484031988,Côte d'Ivoire,1,553.88
31,Jean Lagarde,dgermain@example.org,05 67 87 65 03,Togo,4,1128.09
32,Augustin Pottier,hoaraulorraine@example.org,0241997654,Togo,5,2389.4
33,Tristan-Roland Gonzalez,joseph89@example.org,0579244544,Sénégal,9,385.99
34,Thérèse Voisin,rioumargaux@example.com,04 86 21 50 12,Burkina Faso,10,4278.5
35,Emmanuel Blin-Chauvin,wvincent@example.com,0232652817,Sénégal,9,1639.31
36,Jules Samson,paulette87@example.com,+33 3 55 14 43 49,Burkina Faso,12,1181.46
37,Élise Lefèvre,adelaide63@example.com,02 36 71 26 55,Cameroun,6,1398.84
38,Margot Ferreira-Lacroix,margaudcoste@example.com,+33 4 66 50 53 85,Sénégal,8,3625.23
39,Rémy Descamps,vcolin@example.net,06 65 76 68 91,Cameroun,7,2845.4
40,Nathalie Techer,qmarchal@example.org,0228067587,Burkina Faso,11,1801.89
41,Olivier Maillet,frederique29@example.com,+33 (0)4 98 82 61 03,Cameroun,6,1717.05
42,Marc Regnier de la Baudry,barregilbert@example.net,+33 (0)1 30 11 46 46,Burkina Faso,12,1761.95
43,Charles de la Rousseau,frodriguez@example.net,0235733871,Togo,3,3080.41
44,Raymond de la Renard,patriciageorges@example.net,07 57 00 95 51,Togo,4,2488.23
45,Philippe Bouvier-Martins,cecile33@example.net,+33 4 73 63 96 25,Cameroun,7,4451.78
46,Pierre Pineau,fernandesarnaude@example.org,+33 3 67 51 20 62,Burkina Faso,11,889.64
47,Valentine Seguin,perezolivier@example.com,+33 (0)5 56 93 18 85,Cameroun,7,4646.01
48,Maurice Barbier,georges72@example.org,0450611206,Sénégal,9,3945.19
49,Diane Pineau,elodieloiseau@example.com,+33 5 54 09 37 52,Togo,3,2602.79
50,Charles Guillon,boulaymanon@example.com,+33 (0)3 63 73 26 48,Togo,4,435.82
51,Sébastien Le Guillot,agnesgomes@example.com,+33 3 29 06 55 35,Burkina Faso,11,167.19
52,François Allain,thibauttanguy@example.net,+33 (0)1 39 74 89 14,Burkina Faso,11,2181.2
53,Paul Toussaint,frederic79@example.org,0364812541,Togo,3,3076.88
54,Frédéric Petit de Legendre,lerouxmaggie@example.org,0320152042,Cameroun,7,4519.94
55,Laurence Julien-Allard,bertrandjulien@example.org,0737037539,Burkina Faso,10,450.15
56,Laurence Mace-Godard,marquessuzanne@example.com,0285680437,Burkina Faso,10,2488.38
57,Isaac-Guillaume Grondin,bernard20@example.com,0360427643,Burkina Faso,10,2104.45
58,Léon Toussaint,timotheechevalier@example.net,0669693060,Togo,4,1928.74
59,Margaud Laroche-Gonzalez,andreraymond@example.org,0488193082,Burkina Faso,10,1816.65
60,Christiane Boulanger,rperret@example.com,+33 4 74 28 14 42,Cameroun,6,3801.35
61,Alix Lefèvre Le Letellier,mauryvincent@example.org,+33 (0)3 25 18 23 33,Togo,5,1682.07
62,Roland Gillet-Bonnin,theophilelucas@example.org,0327924958,Burkina Faso,12,724.58
63,Xavier de la Lopez,lenoirpatrick@example.net,+33 (0)1 30 11 46 46,Sénégal,8,3767.3
64,Patricia Huet de la Masse,lucecordier@example.org,+33 3 82 35 09 67,Togo,5,4826.82
65,Olivier Klein de Evrard,glenoir@example.com,02 22 96 92 54,Burkina Faso,12,3899.37
66,Sylvie Andre Le Chevallier,davidferrand@example.net,+33 (0)4 43 14 37 41,Togo,5,4211.43
67,Agathe Jacquet,oceane72@example.org,0471641666,Togo,5,3860.47
68,Louis Salmon,nathalie41@example.com,0806801821,Burkina Faso,12,4080.34
69,Victor Tessier,lbarthelemy@example.org,+33 (0)2 28 90 30 60,Cameroun,7,398.7
70,Bernadette du Weber,cgarcia@example.com,+33 (0)1 55 25 65 15,Cameroun,7,4136.5
71,Bernard Roy-Blin,guillonanais@example.net,+33 (0)1 30 11 46 46,Togo,3,2840.89
72,Anouk-Christiane Allard,qallain@example.com,03 84 19 65 88,Burkina Faso,12,4030.44
73,Martin Evrard,yraynaud@example.com,+33 (0)4 58 90 84 53,Cameroun,7,632.06
74,Jérôme Ribeiro,philipperichard@example.net,0554808787,Togo,3,4477.25
75,Joseph Collet,lbouvier@example.net,04 23 27 46 20,Burkina Faso,11,4686.17
76,Susan Georges du Verdier,pereznoel@example.com,0246566123,Burkina Faso,12,2545.7
77,François Lecoq-Valette,leducelisabeth@example.net,+33 (0)1 30 11 46 46,Burkina Faso,10,732.11
78,Matthieu Parent,camusisaac@example.com,+33 4 94 85 61 29,Togo,5,4736.52
79,Honoré-Benjamin Riou,duprejulien@example.net,03 65 61 47 42,Côte d'Ivoire,2,3248.7
80,Gabriel Le Godard,tdupre@example.net,+33 (0)4 49 53 61 83,Côte d'Ivoire,1,197.95
81,Anne Clément,moulinlucie@example.org,05 53 74 62 77,Côte d'Ivoire,1,469.11
82,Laure Bègue,vcolin@example.net,05 33 84 79 83,Côte d'Ivoire,1,2307.23
83,Nathalie-Anastasie Adam,lacroixemile@example.com,04 80 51 56 33,Burkina Faso,10,575.98
84,Daniel Bègue,alain78@example.org,+33 (0)4 85 44 74 20,Côte d'Ivoire,2,1858.43
85,Jacqueline Camus,margot19@example.org,05 35 49 31 82,Togo,3,3543.14
86,Rémy Maillot,emasson@example.net,+33 3 61 50 41 94,Côte d'Ivoire,1,2418.8
87,Laetitia Paris-Besson,yfernandes@example.net,+33 3 82 10 14 63,Côte d'Ivoire,1,419.15
88,Michelle Duhamel,margueriterobert@example.com,+33 3 83 31 95 98,Cameroun,6,2421.78
89,Éléonore Lambert,lefevrevincent@example.com,+33 2 85 71 93 05,Togo,4,1006.94
90,André de la Baudry,carlierdenise@example.org,+33 1 72 87 78 65,Cameroun,6,432.22
91,Clémence-Aurore Durand,hortenseguillot@example.org,+33 5 08 90 40 46,Cameroun,7,1748.94
92,Marthe Guillon,adelaide42@example.org,+33 2 45 71 54 76,Burkina Faso,10,1290.46
93,Josette Chauveau,leon65@example.org,01 70 50 14 03,Cameroun,7,2908.15
94,Aurélie-Claudine Lévy,vcolin@example.net,+33 3 21 31 37 96,Côte d'Ivoire,1,3334.64
95,Suzanne Tanguy,sylvieduhamel@example.com,0558655858,Burkina Faso,10,2276.05
96,Nathalie Tessier-Leroy,benoitmercier@example.org,+33 (0)4 89 18 07 45,Togo,5,256.93
97,André Delaunay,xbouchet@example.com,0637435144,Côte d'Ivoire,1,3421.89
98,Martin Bonnin,nathaliedeschamps@example.com,0231476117,Côte d'Ivoire,2,2452.76
99,Raymond-Sébastien Charrier,bouveteugene@example.org,+33 7 85 98 18 80,Togo,5,4759.91
100,Jacques Perrin,petitgregoire@example.net,+33 (0)5 64 88 19 86,Cameroun,6,1760.87
101,Nicole Leduc,guypelletier@example.net,05 56 47 37 95,Burkina Faso,11,4778.34
102,Tristan-Aimé Dijoux,robinleon@example.net,+33 1 69 51 41 61,Burkina Faso,12,2055.58
103,Grégoire Guillet,vdumas@example.net,04 75 42 25 35,Sénégal,8,2162.01
104,Caroline Morel,qtoussaint@example.org,+33 4 72 39 53 20,Sénégal,9,2739.25
105,Lucie Laporte,marcel58@example.org,+33 2 47 53 87 74,Côte d'Ivoire,2,3617.33
106,Véronique Didier,rochernath@example.net,0634852297,Togo,3,1943.77
107,Jacques Thibault,dleroy@example.net,0581016111,Togo,3,2168.14
108,Agathe du Bonnet,zacharieperret@example.org,+33 (0)5 87 14 28 88,Sénégal,8,3873.97
109,Dominique-Laurence Lagarde,dmorin@example.com,0367330368,Burkina Faso,11,506.56
110,Françoise-Cécile Gaillard,anouk58@example.net,+33 3 64 20 05 99,Côte d'Ivoire,2,4962.6
111,Zacharie-William Valette,henripetitjean@example.org,04 65 59 55 47,Burkina Faso,11,608.98
112,Agnès Mendès,tdubois@example.net,0372613584,Burkina Faso,11,2449.41
113,Eugène-Benoît Bonneau,rtraore@example.org,0188812692,Cameroun,7,3321.88
114,Hugues-Louis Texier,edith26@example.org,02 98 85 38 83,Côte d'Ivoire,1,2805.33
115,Maurice Nicolas,anaisda-silva@example.com,+33 (0)4 88 94 52 44,Sénégal,9,3480.01
116,Céline-Monique Perrier,zbrun@example.net,+33 1 41 36 77 94,Cameroun,6,1033.73
117,Susanne Arnaud,icoulon@example.org,+33 5 16 12 70 61,Cameroun,6,4137.33
118,Hugues Chevalier du Mahe,matthieu06@example.com,0254854114,Burkina Faso,11,3841.07
119,Mathilde Thierry,heleneroy@example.com,+33 1 60 57 44 36,Côte d'Ivoire,2,265.78
120,Anaïs Mercier-Nicolas,emmanuellelebrun@example.com,0234165436,Sénégal,9,4231.49
121,Gilles Giraud,patrick01@example.net,03 69 03 39 95,Burkina Faso,12,252.7
122,Élisabeth Gonzalez,thibaultberthelot@example.org,0518498717,Burkina Faso,11,4196.58
123,Benjamin Turpin,davidveronique@example.net,+33 (0)4 32 28 44 36,Burkina Faso,11,1716.21
124,Jean Bourgeois,mauricenathalie@example.net,0491302042,Cameroun,6,4027.9
125,Victoire Roy du Clément,pierreroger@example.org,+33 6 00 92 38 05,Togo,4,3284.91
126,Matthieu Gimenez,vcolin@example.net,04 71 43 70 59,Sénégal,8,1764.88
127,Thérèse Aubert de Guilbert,fontaineadele@example.org,+33 (0)1 30 11 46 46,Togo,3,4804.99
128,Anaïs-Margaret Dupré,vcolin@example.net,+33 3 86 84 68 40,Sénégal,9,481.17
129,Thérèse Antoine,launayelise@example.org,0180587723,Cameroun,7,1365.05
130,Claudine Fournier,agathe35@example.net,+33 (0)4 72 94 16 17,Burkina Faso,10,1487.01
131,Nicole de la Ferreira,danieljeanne@example.org,0430947344,Burkina Faso,11,183.75
132,Manon Bernier,wpeltier@example.net,+33 (0)1 30 11 46 46,Côte d'Ivoire,2,4660.33
133,Yves-Pierre Ribeiro,cbourdon@example.com,02 40 77 79 70,Togo,5,1713.43
134,Luc Lemoine,ivallet@example.org,+33 (0)4 49 55 46 58,Burkina Faso,10,2412.44
135,Roland Dos Santos de la Gérard,andreemercier@example.com,+33 (0)5 56 89 22 22,Burkina Faso,11,1569.09
136,Clémence Dupont-Cousin,francois55@example.org,+33 (0)2 14 51 94 78,Cameroun,6,2197.08
137,Diane Lombard,qraynaud@example.org,03 57 18 70 14,Togo,5,2189.68
138,Amélie Le Gilles,alfredbodin@example.com,04 93 19 43 05,Burkina Faso,12,4359.96
139,Élodie Mathieu,bazinhonore@example.org,+33 3 61 85 46 24,Côte d'Ivoire,1,1592.29
140,Alain Maurice,agnes78@example.org,+33 (0)2 45 61 50 30,Sénégal,9,4990.81
141,Bertrand Rodrigues,capucine22@example.net,0219694792,Burkina Faso,10,4745.69
142,Charles Verdier,sgaudin@example.org,05 63 01 36 90,Burkina Faso,11,2821.01
143,Marc Legros,cohenthierry@example.com,+33 (0)3 24 44 02 92,Côte d'Ivoire,2,3938.28
144,André Boucher,vcolin@example.net,+33 (0)5 62 80 74 67,Sénégal,8,3287.86
145,Valentine Marie,fernandezvictoire@example.net,0353676032,Côte d'Ivoire,1,3486.14
146,Agnès Julien,anoukbrunet@example.com,+33 (0)1 30 11 46 46,Togo,4,4411.32
147,Frédérique Pascal,oregnier@example.com,+33 (0)1 30 11 46 46,Sénégal,8,803.86
148,Frédéric Sauvage,fraynaud@example.net,04 83 85 20 30,Cameroun,7,3440.36
149,Patricia Guibert,xguichard@example.net,0158755780,Sénégal,8,521.38
150,Adèle Jourdan,remy23@example.org,0516478182,Burkina Faso,10,3965.36
151,Catherine-Aimée Faivre,maceoceane@example.net,0411776890,Côte d'Ivoire,2,2923.35
152,Bernadette Joseph,lucasguillon@example.com,+33 4 86 00 32 95,Burkina Faso,11,3483.17
153,Xavier Lucas de la Moreau,petitedith@example.com,03 24 30 30 11,Sénégal,8,2913.65
154,Martin Gomes,xnguyen@example.org,+33 2 78 81 15 23,Côte d'Ivoire,2,4748.32
155,Bertrand Lecomte de Besson,margotclement@example.com,0415942295,Burkina Faso,11,1620.99
156,Alix Turpin,christiane33@example.com,+33 (0)5 31 74 10 80,Côte d'Ivoire,2,1373.57
157,Nathalie du Guichard,olivieraugustin@example.com,+33 (0)1 30 11 46 46,Togo,4,2287.36
158,Isaac Hamel,andrediallo@example.net,+33 (0)3 75 72 30 38,Burkina Faso,10,3464.62
159,Margot-Nath Moulin,alice47@example.net,+33 3 70 67 88 00,Burkina Faso,11,2276.45
160,Nath Morel,francoislegrand@example.net,+33 5 55 19 09 98,Burkina Faso,12,1390.16
161,Andrée Potier,pruvostsuzanne@example.org,03 45 25 40 01,Côte d'Ivoire,2,4209.49
162,Danielle Meunier,hortensegomes@example.com,05 87 71 34 71,Sénégal,9,3420.62
163,Yves Peltier,nicolaspotier@example.net,+33 2 49 52 78 98,Côte d'Ivoire,1,3459.47
164,Anne Le Maréchal,vcolin@example.net,0214682189,Togo,5,4238.18
165,Véronique Michel,adelaide09@example.net,0443475151,Côte d'Ivoire,2,333.22
166,Laurent-Charles Bousquet,ole-roux@example.org,0535842157,Burkina Faso,10,4202.19
167,Frédéric Roger du Roux,ujacob@example.com,+33 2 62 80 94 03,Sénégal,9,1626.57
168,Céline Baron du Dupont,marcel04@example.com,04 49 61 75 28,Cameroun,7,2534.98
169,Richard Payet,piresluc@example.net,0470642972,Burkina Faso,12,294.88
170,Élisabeth Perrot,benoitvincent@example.net,0251587552,Sénégal,9,156.85
171,Anouk Briand,mariongregoire@example.org,+33 1 88 29 47 44,Sénégal,8,1434.79
172,Adrienne Bonnet-Martel,edouard18@example.org,+33 (0)4 37 70 49 01,Sénégal,9,2574.38
173,Marguerite-Margot Marchal,dbourdon@example.net,+33 (0)4 30 61 90 75,Côte d'Ivoire,2,4235.91
174,Xavier Renaud,slanglois@example.org,+33 (0)6 35 06 31 60,Togo,4,4094.17
175,Renée Goncalves,leblanclouis@example.com,0675659217,Cameroun,7,3072.84
176,Jules-Joseph Mahe,vblanchard@example.org,+33 2 78 08 13 50,Cameroun,7,3845.68
177,Constance Mathieu,yduval@example.net,0437925908,Burkina Faso,11,2180.11
178,David de Gautier,ebertin@example.net,03 45 21 07 39,Togo,3,2603.71
179,Roger Vallée,luce18@example.net,0532836937,Burkina Faso,10,926.1
180,Richard du Morin,renee21@example.org,+33 3 64 75 22 08,Sénégal,8,4978.86
181,Laurence Weiss-Normand,pierre26@example.net,03 25 51 24 46,Burkina Faso,11,3880.88
182,Éléonore du Grenier,qgiraud@example.org,+33 (0)6 35 78 43 30,Togo,5,2618.61
183,Lucie-Joséphine Nicolas,maillottheophile@example.net,+33 (0)7 47 49 07 86,Côte d'Ivoire,2,3978.17
184,Alfred Mercier,blagarde@example.com,+33 (0)1 30 11 46 46,Togo,3,4533.59
185,Alexandre Grondin,ubrunet@example.org,+33 (0)2 30 00 24 69,Burkina Faso,10,3457.25
186,Jérôme Picard-Diaz,oguyon@example.com,+33 3 75 78 75 13,Togo,4,4235.39
187,Thérèse Boutin,mpelletier@example.net,0490634997,Burkina Faso,10,4065.47
188,Bernard Perrin,honore65@example.org,02 50 81 60 70,Burkina Faso,12,2520.86
189,Anastasie Collet,chauvinlaurent@example.org,04 75 81 58 56,Burkina Faso,10,4991.94
190,Andrée Martinez,capucineblanc@example.com,+33 4 81 74 46 68,Togo,3,1537.09
191,Léon Boucher,victortorres@example.net,04 15 90 66 40,Burkina Faso,11,3270.93
192,François Jacques,vcolin@example.net,+33 4 32 53 32 61,Burkina Faso,11,668.29
193,Henri Vidal,constance93@example.org,02 30 00 39 05,Togo,3,1423.66
194,Marc Fischer,diane43@example.org,+33 2 33 94 27 36,Sénégal,8,4481.93
195,Jules Renaud-Benard,richardmarin@example.org,+33 4 20 99 36 68,Sénégal,9,1203.17
196,Sylvie Brunet,peronchristiane@example.com,+33 (0)6 69 24 51 64,Togo,5,4666.41
197,Adèle Guyot,emile25@example.com,03 22 35 92 63,Côte d'Ivoire,2,3238.02
198,Roland Goncalves,williamde-sousa@example.net,+33 (0)4 56 99 54 31,Togo,4,4909.07
199,Lucas Leroy,bbonnet@example.org,05 61 80 86 84,Cameroun,7,3768.64
200,Denise Benoit,wroy@example.org,03 83 96 72 25,Cameroun,6,2007.82
201,Raymond Clerc,mcohen@example.net,05 46 59 55 64,Burkina Faso,11,4027.66
202,Édith Hardy Le Coste,huguesleclerc@example.com,0558600779,Togo,4,1296.02
203,Catherine-Bernadette Ribeiro,chebert@example.net,+33 (0)1 30 11 46 46,Burkina Faso,12,1484.44
204,Constance Maury,rene24@example.com,0230080558,Cameroun,7,567.24
205,Jean Salmon,auguste38@example.com,05 94 64 83 23,Togo,4,889.79
206,Laetitia Guillou,legerpauline@example.com,+33 (0)4 23 83 10 30,Côte d'Ivoire,1,2081.25
207,Éric Pascal,dbriand@example.org,+33 5 96 34 87 28,Togo,3,3576.27
208,Richard du Olivier,rreynaud@example.net,0179233307,Burkina Faso,11,3487.81
209,Eugène Denis,margaret24@example.net,+33 1 81 54 25 68,Burkina Faso,12,4890.06
210,Richard-Patrick Pruvost,noemimenard@example.org,01 79 52 20 02,Sénégal,9,4062.0
211,Joséphine Joubert,vcolin@example.net,+33 (0)6 33 00 22 28,Togo,4,447.53
212,Adèle Vaillant,michelle34@example.com,04 42 57 94 36,Burkina Faso,10,2591.32
213,Étienne Fouquet-Daniel,waubert@example.com,+33 2 34 82 58 04,Cameroun,7,2716.04
214,Michelle Normand,jacques41@example.com,+33 (0)1 69 82 75 43,Burkina Faso,11,1281.91
215,Aimé Gomes,lsauvage@example.net,+33 2 55 02 89 35,Côte d'Ivoire,1,3746.45
216,Marcelle Paris,isabelle56@example.net,+33 (0)4 71 14 06 73,Togo,4,1752.9
217,Luc Salmon,christianemartin@example.org,04 91 38 66 40,Burkina Faso,10,4367.89
218,Xavier Morin,bruneaudiane@example.com,+33 (0)3 71 89 21 15,Cameroun,7,2679.34
219,Christelle Cordier,corinnebegue@example.net,+33 3 89 56 66 16,Cameroun,6,2042.05
220,Thomas Leroux,agnesmunoz@example.com,+33 4 85 16 93 13,Sénégal,8,1716.95
221,Isabelle Georges-Vincent,zparent@example.org,+33 (0)2 99 53 89 61,Sénégal,9,2506.33
222,Raymond-Isaac Chrétien,philippe78@example.net,04 80 81 02 34,Burkina Faso,11,4195.54
223,Timothée de la Hubert,falbert@example.net,0427427005,Côte d'Ivoire,2,4084.52
224,Aurélie Regnier,sabine15@example.org,+33 (0)1 30 11 46 46,Burkina Faso,10,1392.29
225,Alix du Lefebvre,humbertadrienne@example.org,+33 1 76 33 53 07,Côte d'Ivoire,1,4463.84
226,Claude Bousquet,camillereynaud@example.org,05 47 70 66 53,Cameroun,6,589.87
227,Isaac Colin de la Ferreira,francois02@example.org,+33 2 19 23 18 25,Sénégal,9,3779.38
228,Timothée Thibault,bazinveronique@example.net,0594002798,Sénégal,9,655.29
229,Christine Gimenez,gregoire39@example.net,+33 (0)4 82 88 79 43,Sénégal,8,2073.13
230,Léon Bernard,guy49@example.net,+33 1 58 06 70 54,Cameroun,7,4498.24
231,Vincent-Olivier Allard,alexandrie92@example.com,+33 (0)6 31 28 65 93,Cameroun,7,4078.59
232,Marie Duval,potierclaudine@example.com,+33 4 90 41 98 97,Côte d'Ivoire,2,1098.89
233,Richard Jean,emarchand@example.org,+33 3 10 43 10 66,Burkina Faso,12,1638.23
234,Bernadette Marin,ollivierguillaume@example.net,+33 3 51 02 02 88,Sénégal,9,2038.19
235,Jules Noël,marcelcosta@example.net,04 91 39 70 18,Burkina Faso,11,182.72
236,Michelle-Constance Girard,toussaintisabelle@example.com,+33 5 49 53 81 76,Togo,5,3140.56
237,Édouard Allard,ameliebernard@example.org,02 45 02 91 39,Togo,4,698.04
238,Théophile Hoareau,andrealphonse@example.org,+33 4 97 15 21 35,Burkina Faso,10,2412.49
239,Christine Le Legrand,jacquetveronique@example.org,0345317587,Cameroun,6,1955.25
240,Colette Raynaud,alexandriahamon@example.org,0471338373,Burkina Faso,10,3348.2
241,Julien Rodriguez-Marchand,salmonmathilde@example.com,03 85 84 05 21,Togo,5,1737.39
242,Chantal Jacob,mimbert@example.com,+33 (0)2 22 41 06 09,Togo,5,3697.95
243,Pierre Bonnin-Rolland,ddidier@example.com,0555615797,Burkina Faso,12,2698.49
244,Joséphine Coste,vcolin@example.net,0276395060,Burkina Faso,10,4065.28
245,Sabine Vincent,paul96@example.net,+33 (0)4 30 59 02 27,Côte d'Ivoire,2,2870.53
246,Paul Auger Le Chauvin,margueriteguyot@example.com,+33 2 41 26 04 44,Cameroun,6,4406.9
247,Léon Guillou,galletpierre@example.net,0370910640,Burkina Faso,11,2304.43
248,Jean Thibault de la Perrin,emace@example.net,+33 1 81 75 80 37,Cameroun,6,822.08
249,Rémy Foucher-Brunel,torresthibault@example.net,0359174174,Côte d'Ivoire,1,4448.99
250,Hugues Martineau,michelle30@example.org,0327461453,Burkina Faso,11,316.6
251,Denise Maillard du Voisin,vcolin@example.net,+33 2 40 95 44 77,Burkina Faso,12,4563.59
252,Caroline Schneider,robertbruneau@example.com,0361930767,Cameroun,6,2025.99
253,Hugues-Joseph Joly,qbesnard@example.org,02 31 34 24 06,Togo,3,3275.49
254,Agathe Rocher,nathalie50@example.com,03 60 07 55 53,Togo,4,1621.1
255,Emmanuelle Gaudin,michelle38@example.com,+33 5 36 29 81 00,Togo,3,476.03
256,Thérèse Hamel,imendes@example.org,+33 (0)4 26 12 03 21,Cameroun,6,3088.8
257,Audrey Guibert,rousseaumargaud@example.org,03 82 93 83 60,Sénégal,9,3749.76
258,Henri Lemonnier,lamyjules@example.net,+33 3 39 53 39 13,Côte d'Ivoire,2,1225.02
259,Valérie de Rocher,aweiss@example.org,+33 5 40 21 05 00,Côte d'Ivoire,2,418.06
260,Pénélope Germain,cousinolivie@example.net,+33 5 79 21 36 37,Côte d'Ivoire,1,1131.71
261,Maryse Le Bazin,xrey@example.net,0379246223,Sénégal,8,3307.26
262,Jacqueline Rocher,xetienne@example.org,0470913089,Burkina Faso,10,4964.48
263,Cécile Le Dijoux,brunetclaire@example.com,0485558266,Burkina Faso,11,1436.89
264,William Aubert,susanne85@example.org,+33 5 53 99 50 00,Sénégal,9,1088.16
265,Jacqueline Diallo de Hoareau,timotheepires@example.com,+33 7 42 42 67 39,Côte d'Ivoire,1,636.71
266,Valérie Da Silva,le-galljerome@example.com,+33 4 91 86 64 13,Cameroun,6,1868.72
267,Astrid Masson,margaretpelletier@example.com,+33 3 90 05 49 94,Cameroun,7,2330.5
268,Xavier Merle-Marques,couturieretienne@example.net,+33 1 69 51 76 06,Burkina Faso,11,1309.59
269,Lucie Dupuis,achevallier@example.net,0456116126,Côte d'Ivoire,1,2526.8
270,Margaud Pineau,nathalie48@example.org,03 29 06 06 06,Togo,3,1048.97
271,Camille de la Goncalves,robert07@example.net,02 52 83 83 34,Cameroun,7,4368.59
272,Patrick-Alfred Pires,kloiseau@example.net,+33 (0)3 64 84 31 85,Togo,3,1298.0
273,Alexandrie Pascal du Rousset,agnesvasseur@example.com,+33 2 96 23 08 94,Togo,3,993.6
274,Gabrielle Lemoine,legroscolette@example.com,0547749579,Togo,4,2179.42
275,Éléonore Guyon de Masson,edouard48@example.org,0230056608,Togo,5,2270.52
276,Matthieu Teixeira,boulaywilliam@example.net,+33 (0)3 53 25 03 40,Togo,5,3417.86
277,Charlotte Guillou,roussetbernadette@example.net,03 54 53 35 53,Cameroun,7,3539.86
278,Chantal Le Boulay,wmoreau@example.net,+33 (0)6 30 58 27 92,Côte d'Ivoire,1,1554.88
279,Agnès Bousquet,noel36@example.net,0656152565,Burkina Faso,12,1756.14
280,Paul de la Ruiz,fernandezclaude@example.org,06 53 00 02 92,Togo,4,1224.52
281,Christophe Da Silva,vcolin@example.net,0632397302,Togo,4,4591.14
282,Daniel Aubry,vcolin@example.net,+33 4 83 97 24 05,Togo,5,2231.81
283,Thibault Menard-Lopes,chauvinnath@example.org,0546464709,Togo,3,2711.51
284,Adrienne Guillot,trossi@example.com,+33 (0)4 75 86 94 86,Sénégal,9,2547.94
285,Hélène Petit,joseph52@example.net,0545836075,Côte d'Ivoire,2,640.72
286,William de la Lelièvre,mullerluce@example.net,+33 (0)5 59 55 67 29,Côte d'Ivoire,1,4830.09
287,Laure Jean,ameliecoulon@example.com,04 70 78 34 22,Cameroun,6,2069.22
288,Antoine Bazin,xguilbert@example.net,+33 (0)1 30 11 46 46,Togo,5,3498.85
289,Franck Gilbert-Chauveau,paulcourtois@example.net,+33 3 67 01 49 73,Burkina Faso,11,199.03
290,Hortense Poirier,thibaultdavid@example.net,+33 (0)4 83 14 58 35,Togo,3,3308.0
291,Gilles Dupuis,hdupre@example.com,+33 4 73 75 44 04,Sénégal,8,577.23
292,Luc Legendre de la Louis,cecileleleu@example.net,04 86 04 33 88,Cameroun,7,4437.88
293,Michel Gaudin,josephineherve@example.com,0327547604,Burkina Faso,11,3202.0
294,Christophe Ruiz-Allain,guillaumeantoine@example.com,0373334476,Burkina Faso,10,3454.26
295,Henri-Antoine Raymond,rrichard@example.org,+33 3 82 32 36 69,Cameroun,7,2155.57
296,Arthur Guillaume de Foucher,gomesnath@example.net,+33 1 79 51 12 08,Cameroun,7,4801.22
297,Hugues Fischer,alphonserousseau@example.org,+33 1 70 31 07 49,Cameroun,6,3821.27
298,Lucy Gosselin,sophie48@example.com,+33 4 71 84 32 21,Sénégal,8,4520.81
299,Rémy Aubry,baronjosette@example.net,0540274859,Côte d'Ivoire,2,1836.03
300,Susan Georges-Muller,andre96@example.com,0257249354,Côte d'Ivoire,1,3039.17
301,Christelle Peltier,denismeunier@example.org,+33 4 70 31 80 31,Burkina Faso,11,167.01
302,Marthe Arnaud du Pires,simone70@example.org,+33 6 31 86 98 32,Burkina Faso,12,2617.88
303,Auguste Peron,zoeturpin@example.org,+33 1 78 14 09 01,Cameroun,7,4107.64
304,Vincent Legrand,marinegiraud@example.com,+33 (0)2 29 58 20 62,Togo,5,4111.66
305,Robert-Roger Dufour,vcolin@example.net,+33 (0)1 30 11 46 46,Côte d'Ivoire,2,1823.64
306,Nathalie Roy,aurorevalette@example.org,03 51 23 45 85,Togo,3,601.79
307,Hugues Olivier,fbegue@example.net,06 32 44 64 90,Cameroun,7,2645.12
308,Olivie Berthelot de la Adam,david31@example.com,+33 4 22 48 99 54,Togo,4,2764.58
309,Aurélie-Juliette Joubert,qrolland@example.net,0278257286,Sénégal,9,4676.22
310,Jean Gallet,thomasboucher@example.net,06 34 65 44 13,Sénégal,9,1950.83
311,Diane Bousquet,zperrier@example.com,04 69 92 41 73,Sénégal,8,195.24
312,Thomas Rousset,jacobgabrielle@example.org,+33 3 51 65 25 51,Sénégal,9,3680.2
313,Antoine Rousset,josephhubert@example.net,0547082136,Cameroun,7,369.3
314,François Weiss,charlotte17@example.com,+33 3 21 14 57 31,Cameroun,7,317.22
315,Gabriel Duval,marionpaul@example.net,0586374131,Burkina Faso,10,4158.8
316,Vincent-Thierry Dufour,marthemoreau@example.com,+33 4 69 57 98 46,Cameroun,6,4297.95
317,Isaac-Timothée Bouvet,scohen@example.org,0183544334,Togo,3,1975.7
318,Victor Lesage,arobin@example.org,+33 (0)4 98 90 79 60,Burkina Faso,12,822.73
319,Matthieu Ribeiro de Poirier,julie51@example.com,04 13 99 26 26,Côte d'Ivoire,2,3393.37
320,Guy Coulon,francklagarde@example.net,+33 (0)1 30 11 46 46,Togo,3,3227.38
321,Alexandria Faure,sweber@example.com,03 55 66 87 41,Togo,4,4796.02
322,Anastasie Blondel,lbrunel@example.com,0449341232,Burkina Faso,10,3417.33
323,Patrick Alexandre,mauricelebrun@example.com,+33 (0)5 81 31 60 41,Togo,5,1760.32
324,Thomas Bailly,lucgillet@example.net,+33 (0)6 59 00 23 24,Côte d'Ivoire,2,1910.83
325,Hugues Olivier,ilaporte@example.net,+33 4 23 84 26 54,Sénégal,9,4843.19
326,Sébastien Bouvet,glacroix@example.org,0142715999,Togo,3,3810.32
327,Bernard de la Valentin,danielschneider@example.com,+33 (0)3 69 21 38 71,Côte d'Ivoire,1,1597.25
328,Léon Faure du Gilbert,margaudbrunet@example.com,+33 (0)4 79 15 23 55,Togo,4,1816.19
329,Henriette Valentin,josette07@example.org,+33 (0)2 48 05 56 49,Côte d'Ivoire,2,3336.25
330,Laure de Bernard,bertinbrigitte@example.net,+33 (0)1 43 49 86 11,Togo,3,2344.72
331,Adèle-Noémi Texier,valerie03@example.com,03 66 29 45 58,Burkina Faso,11,3009.54
332,Thierry Mercier,sylvie84@example.net,+33 4 93 96 91 92,Sénégal,9,4002.42
333,Franck de la Léger,emileguyot@example.org,04 37 36 27 94,Côte d'Ivoire,1,1908.07
334,Matthieu Pages,qfontaine@example.com,+33 2 22 36 43 29,Togo,5,2437.42
335,Charlotte Lebrun,gabrielle28@example.com,03 80 69 18 41,Burkina Faso,10,2766.78
336,Tristan de la Leclercq,ameliemartel@example.org,0261704202,Sénégal,8,1576.33
337,Margot Rolland,alixlemaitre@example.com,+33 4 77 50 88 70,Burkina Faso,11,2740.38
338,Louis David de la Boucher,renardchristelle@example.org,+33 3 71 99 52 10,Burkina Faso,11,4889.82
339,William Dos Santos,grousseau@example.net,+33 (0)1 74 75 09 29,Togo,4,608.53
340,Gilbert Maury,draynaud@example.com,01 42 88 83 09,Cameroun,7,158.19
341,Édouard Salmon du Pelletier,wguillot@example.net,+33 (0)1 30 11 46 46,Côte d'Ivoire,2,1837.09
342,Zacharie Pruvost-Joseph,nlabbe@example.org,+33 (0)4 97 12 46 68,Cameroun,7,1813.91
343,Rémy Moreno du Roy,mgilbert@example.org,+33 (0)1 30 11 46 46,Burkina Faso,11,1529.45
344,Inès Hamel,nathalie88@example.org,+33 (0)5 90 63 21 46,Côte d'Ivoire,1,2035.59
345,Marianne Lombard,roland66@example.net,+33 4 50 67 45 39,Togo,4,4801.2
346,Antoinette Bruneau,htanguy@example.com,0359422585,Sénégal,8,4794.91
347,Antoine Gérard,hmichel@example.com,04 11 93 13 06,Côte d'Ivoire,1,2143.04
348,Bertrand Mary-Benard,vcolin@example.net,0616646126,Côte d'Ivoire,1,1930.39
349,Thierry Morin-Bertrand,gnormand@example.org,04 98 02 07 70,Sénégal,9,4942.69
350,Étienne Michaud,alexandriabreton@example.com,0368909880,Burkina Faso,11,3491.39
351,Josette-Sabine Dupré,camillearnaud@example.net,+33 3 68 16 76 00,Côte d'Ivoire,2,4146.23
352,Jules Lambert-Verdier,christophefrancois@example.org,04 74 14 70 95,Togo,5,2745.81
353,Augustin Samson,hugues61@example.org,+33 2 22 30 58 77,Sénégal,8,2143.35
354,Pénélope Berger,christophelejeune@example.com,0565997444,Cameroun,7,2577.73
355,Roger Garcia de Berthelot,oliviermaillet@example.com,+33 4 56 12 60 67,Cameroun,6,2807.49
356,Constance Charles,edouard69@example.org,02 21 09 00 51,Cameroun,7,221.18
357,Hugues Charpentier,dguillaume@example.net,03 84 56 59 80,Côte d'Ivoire,2,478.98
358,Daniel Fournier,claire23@example.net,+33 6 18 41 64 04,Côte d'Ivoire,1,2398.18
359,Marcelle-Emmanuelle Pruvost,frederic12@example.net,+33 (0)4 58 02 92 95,Côte d'Ivoire,1,4945.72
360,Thérèse Imbert Le Boyer,leblancelise@example.com,04 79 76 00 31,Côte d'Ivoire,2,194.57
361,Gilbert Julien,jules82@example.net,0376360903,Togo,4,4864.97
362,Alex Le Lévy,veronique17@example.net,+33 4 15 27 18 39,Burkina Faso,11,839.3
363,Christophe-Bernard Petit,nicolas00@example.com,03 25 56 13 89,Côte d'Ivoire,2,771.88
364,Sophie Foucher,kle-roux@example.org,+33 (0)2 78 03 50 91,Burkina Faso,10,1907.16
365,Anastasie Grenier,alice12@example.org,0661599044,Togo,3,2170.88
366,Aimée François-Pascal,vcolin@example.net,+33 6 35 65 87 58,Côte d'Ivoire,2,2110.76
367,Laure Leblanc,leonrodrigues@example.org,01 47 90 62 81,Burkina Faso,12,3895.26
368,Claudine de la Martin,trocher@example.com,+33 4 71 32 31 77,Togo,3,2599.65
369,Philippine Lacombe,xleroy@example.net,+33 (0)3 76 34 73 17,Sénégal,8,1451.46
370,Roger Gomes,malletchristiane@example.com,0243831478,Burkina Faso,11,1362.95
371,Frédéric David,fontainetristan@example.com,0130789098,Cameroun,6,408.12
372,Philippine Roche,de-sousaisaac@example.net,06 54 82 91 42,Sénégal,8,3301.56
373,Joseph Chrétien,vcolin@example.net,+33 (0)2 14 23 90 30,Burkina Faso,11,4084.01
374,Cécile Labbé-Caron,noemi58@example.com,+33 (0)3 27 92 66 40,Burkina Faso,11,4545.8
375,Patrick Buisson-Nguyen,celineleclerc@example.net,03 63 21 07 94,Burkina Faso,12,131.47
376,Henri Hardy,honorecharrier@example.net,+33 2 37 89 93 59,Cameroun,6,3396.17
377,Suzanne Barbier,lucy62@example.com,+33 3 23 31 41 01,Côte d'Ivoire,1,4459.72
378,Juliette Fouquet,laurencebonneau@example.net,05 08 32 26 17,Burkina Faso,12,993.75
379,Eugène Étienne,odettecordier@example.com,01 80 19 81 81,Burkina Faso,11,2407.89
380,Luc de Chauvin,omoreno@example.net,+33 2 14 16 75 41,Togo,4,2017.37
381,Gérard Gilles de Boutin,philippine56@example.net,+33 (0)1 30 11 46 46,Burkina Faso,12,3359.76
382,Franck Toussaint,valerie84@example.net,+33 (0)6 75 69 35 62,Côte d'Ivoire,2,4475.74
383,Louise Moreno du Leblanc,gabrielle22@example.com,0323395680,Burkina Faso,10,3078.66
384,Étienne Rodriguez,sabinemarechal@example.org,02 30 71 56 00,Burkina Faso,10,4588.97
385,Victor-Paul Bègue,vcolin@example.net,02 18 19 48 97,Sénégal,8,4873.87
386,Astrid Gillet de Berger,mercierbernadette@example.net,+33 (0)5 36 63 49 13,Burkina Faso,10,3478.31
387,Gilbert Bernier,auguste05@example.org,+33 5 24 80 81 69,Sénégal,8,1835.95
388,Cécile Lambert,therese61@example.net,+33 4 11 97 22 65,Côte d'Ivoire,2,225.37
389,Odette Le Buisson,lebrunnicolas@example.net,06 99 58 17 41,Côte d'Ivoire,2,1617.33
390,Suzanne Gaudin,chuet@example.net,+33 6 48 88 78 14,Burkina Faso,11,2075.12
391,Frédéric Petit du Petit,jules63@example.com,01 45 96 04 11,Côte d'Ivoire,1,3825.32
392,Alexandrie-Stéphanie Lelièvre,sophie12@example.com,0323817305,Togo,5,1428.27
393,Guillaume Simon,benjaminmonnier@example.com,+33 (0)4 50 13 11 44,Cameroun,7,1247.33
394,Gérard Chevallier,fredericlamy@example.org,03 64 81 31 19,Côte d'Ivoire,2,2813.29
395,Clémence Huet-Grenier,moniquedelahaye@example.org,+33 (0)3 58 06 65 36,Sénégal,9,381.3
396,Robert du Tanguy,uvidal@example.com,+33 5 81 17 68 81,Burkina Faso,10,2921.86
397,Vincent-Alain Potier,auguste30@example.org,0134677408,Togo,5,4236.35
398,Sylvie Albert,ramosmargaux@example.org,+33 (0)3 82 99 76 29,Togo,3,4510.22
399,Margaud Delattre,rene39@example.net,04 50 35 09 12,Burkina Faso,11,1678.6
400,Alfred Dias,yvesmaurice@example.com,+33 3 52 00 67 75,Cameroun,7,180.59
401,Daniel Baudry de la Bazin,francoisbourgeois@example.net,02 72 10 54 62,Burkina Faso,10,3457.69
402,Maurice Gilles,chantalleconte@example.com,0228086391,Togo,3,2502.12
403,Philippe Labbé,maillardbrigitte@example.net,+33 3 51 89 95 55,Togo,5,1900.84
404,Luce Mahe,alix77@example.com,05 56 85 00 23,Togo,4,3228.17
405,Aurore-Maggie Giraud,honore67@example.com,07 55 78 48 42,Burkina Faso,12,2263.12
406,Vincent Berthelot-Hubert,durandmarthe@example.org,+33 6 37 39 32 97,Sénégal,8,1047.6
407,Denis Langlois,charleslemoine@example.com,+33 (0)3 58 02 09 58,Sénégal,8,3154.37
408,Xavier Reynaud,vcolin@example.net,0492567812,Togo,4,3874.12
409,Célina Wagner,vcolin@example.net,+33 6 25 94 70 56,Burkina Faso,11,4313.24
410,René Denis,ericbailly@example.net,02 44 97 78 27,Burkina Faso,11,4578.69
411,Gabriel Vasseur,unormand@example.com,+33 (0)3 10 75 93 90,Togo,3,3826.6
412,Laurent Leclerc,roland77@example.net,+33 (0)3 44 14 37 82,Sénégal,9,1112.22
413,Brigitte-Capucine Leleu,margaux07@example.org,+33 (0)1 30 11 46 46,Togo,5,3312.98
414,Virginie Aubert,giraudalain@example.org,06 99 32 79 27,Côte d'Ivoire,2,4009.5
415,Stéphane Berger-Coste,slouis@example.org,+33 3 76 65 66 46,Cameroun,7,1763.09
416,Alexandria Chauveau-Barbier,astrid25@example.com,+33 (0)5 86 63 93 80,Côte d'Ivoire,1,3108.86
417,Auguste Boutin,maurice35@example.com,+33 2 53 24 05 84,Côte d'Ivoire,2,177.39
418,Camille de Cordier,audreyvasseur@example.org,+33 (0)1 30 11 46 46,Côte d'Ivoire,1,478.35
419,Paulette Langlois,anne65@example.org,01 74 98 72 45,Sénégal,9,2846.24
420,André-Timothée Gimenez,elamy@example.org,+33 (0)1 30 11 46 46,Côte d'Ivoire,2,2489.89
421,Charlotte Gillet-Rocher,yvespeltier@example.com,02 43 70 73 52,Côte d'Ivoire,1,1235.09
422,Nicolas Delahaye-Fabre,corinnegimenez@example.org,0586961588,Burkina Faso,12,3783.84
423,Aimé de Denis,hda-silva@example.org,0383620016,Burkina Faso,10,3921.97
424,Christophe Ledoux,rmarie@example.com,+33 (0)4 13 75 50 90,Burkina Faso,12,1097.44
425,Diane Maréchal,le-gofftristan@example.org,02 28 47 99 11,Côte d'Ivoire,2,2796.66
426,Eugène Bonnet,odette28@example.net,0222278275,Togo,5,2553.55
427,Guillaume Monnier,matthieu54@example.org,+33 4 58 94 97 06,Togo,5,2039.11
428,Martin de la Ledoux,camillemace@example.net,+33 (0)6 35 02 92 08,Burkina Faso,11,4394.34
429,Sylvie Mathieu,llelievre@example.org,0272505299,Cameroun,7,4737.42
430,Juliette Michaud,nperrot@example.com,+33 1 88 69 98 02,Sénégal,8,2282.58
431,Caroline Guillot,lemairepaulette@example.net,0241843514,Togo,5,3467.98
432,Gérard-Frédéric Perrier,alfredbourgeois@example.net,+33 4 99 73 62 48,Sénégal,8,3202.98
433,Valérie Louis,carolineschmitt@example.net,0366572496,Cameroun,7,1335.4
434,Astrid Pereira,xrousset@example.org,03 21 36 21 79,Côte d'Ivoire,1,1677.68
435,Bernadette-Aimée Muller,raymondlebrun@example.org,+33 1 58 32 41 33,Côte d'Ivoire,1,3351.27
436,Aurore Pierre,maceandre@example.com,0249990429,Côte d'Ivoire,2,2143.11
437,Eugène Leblanc,vcolin@example.net,+33 (0)3 51 35 50 50,Sénégal,9,1295.32
438,Lucas Jacquot-Germain,alexandre51@example.org,05 94 62 24 59,Sénégal,9,738.47
439,Raymond Roche-Chevalier,vcolin@example.net,01 30 73 43 27,Togo,5,4199.28
440,Victor Le Langlois,vcolin@example.net,+33 4 37 55 19 26,Cameroun,6,3978.97
441,Adèle Breton,noel23@example.net,04 32 07 77 48,Togo,4,4953.6
442,Luc Dubois,colletsylvie@example.org,01 46 57 06 56,Côte d'Ivoire,1,649.2
443,Jean Rodriguez-Philippe,theodore89@example.com,+33 (0)1 30 11 46 46,Cameroun,6,4817.25
444,Guillaume Boulay,adrienne68@example.org,+33 3 58 75 74 68,Côte d'Ivoire,1,281.07
445,Roger Labbé,ibonnin@example.net,0214796064,Sénégal,8,567.36
446,Alphonse Besnard,bernierveronique@example.net,01 45 83 01 21,Sénégal,8,4082.33
447,Cécile Louis,guillotbernadette@example.net,+33 1 58 66 63 35,Côte d'Ivoire,2,2082.2
448,Timothée Valette,vbesson@example.org,0180804834,Cameroun,6,1831.86
449,Bertrand Le Bernard,devauxemile@example.org,+33 (0)5 32 40 88 53,Burkina Faso,10,4414.44
450,Valentine Dupuy-Martel,christophe38@example.org,04 23 69 51 64,Burkina Faso,12,2913.63
451,Honoré Moreno,tle-gall@example.net,0140313405,Togo,3,1352.0
452,Chantal Le Moreau,christophe63@example.net,0607908518,Burkina Faso,12,4463.02
453,Roland Leleu,christophe80@example.com,0369493492,Cameroun,6,814.7
454,Constance Prévost,bguichard@example.org,+33 (0)3 88 17 14 85,Togo,3,4875.98
455,Grégoire Breton du Coulon,nath97@example.net,03 67 89 04 32,Togo,5,1964.34
456,Nicolas Wagner,alphonsemorel@example.com,+33 7 51 22 99 85,Togo,3,3868.71
457,Dominique Pottier,patrickpires@example.org,03 81 06 71 59,Burkina Faso,12,4110.96
458,Jules Le Guillon,vcolin@example.net,+33 (0)2 61 93 32 69,Côte d'Ivoire,1,1855.21
459,Alex Sanchez,sabinelaunay@example.com,0323834938,Burkina Faso,12,3631.67
460,Élodie Da Costa de Robert,vidalmaggie@example.net,0368770905,Burkina Faso,12,3806.33
461,Alix Aubry,julesberthelot@example.org,0437011154,Burkina Faso,12,1763.95
462,Manon Mendès,chauveauelise@example.com,03 73 28 41 15,Togo,5,405.47
463,Robert-Louis Durand,louisjoseph@example.net,03 63 51 15 16,Burkina Faso,12,429.92
464,Louise Pons,marcelleleger@example.net,+33 (0)1 30 11 46 46,Côte d'Ivoire,2,4814.82
465,Anastasie-Valentine Rocher,jeanne11@example.net,+33 (0)1 76 63 09 57,Côte d'Ivoire,2,1225.96
466,Claire Grenier Le Bigot,voisineleonore@example.net,0475369292,Togo,4,4909.15
467,Alix Garnier,renevidal@example.com,+33 4 63 85 57 73,Sénégal,8,1310.61
468,Céline Hervé-Langlois,rodriguezastrid@example.org,0472169482,Cameroun,6,4596.8
469,Patrick Bourgeois,umorvan@example.net,+33 4 15 63 75 11,Sénégal,9,548.9
470,Marcelle Joubert,oceanebouvier@example.org,+33 2 79 20 54 02,Côte d'Ivoire,2,1977.15
471,Audrey de Gautier,annejourdan@example.org,+33 5 34 18 89 90,Cameroun,6,3817.2
472,Suzanne-Julie Pasquier,matthieulacroix@example.org,01 56 80 77 89,Burkina Faso,10,3677.33
473,Charlotte Parent-Lemaître,thomaslopes@example.net,0474910304,Cameroun,7,3998.83
474,Arnaude Laine,william25@example.org,+33 3 67 34 28 74,Sénégal,9,2839.94
475,Alain Salmon,pgregoire@example.com,0147385710,Burkina Faso,11,2225.87
476,Léon Giraud-Barthelemy,louiseblot@example.org,+33 4 69 89 84 42,Burkina Faso,11,432.49
477,Michel Godard,elodie54@example.com,+33 (0)3 45 86 10 26,Togo,3,4644.69
478,Anne de Morin,gilles64@example.com,+33 (0)1 30 11 46 46,Togo,3,379.05
479,Juliette Diallo,lainemathilde@example.com,03 79 22 35 34,Togo,3,2950.95
480,Alice Dumont,margaret20@example.com,07 85 99 56 20,Togo,4,4738.51
481,Thomas Leclercq de Lopez,thomasrodriguez@example.com,01 42 33 73 24,Burkina Faso,10,2783.98
482,Richard Sanchez,genevieve28@example.org,+33 6 38 45 06 06,Côte d'Ivoire,2,3354.22
483,Olivie Chauvin,meunieredith@example.net,07 99 11 63 11,Cameroun,6,3330.85
484,Adèle Blanchet-Fernandes,michel90@example.org,+33 (0)5 56 95 21 53,Burkina Faso,11,2332.02
485,Paul du Peltier,ypruvost@example.org,+33 5 16 80 82 68,Togo,3,3249.75
486,Antoine Hoarau de la Lopes,celinegonzalez@example.net,0557162324,Togo,5,2647.13
487,Gilbert Goncalves,henriette58@example.org,+33 3 69 98 69 09,Burkina Faso,11,3591.73
488,Simone de la Noël,vcolin@example.net,+33 2 40 32 39 04,Cameroun,7,3855.87
489,Susan Schneider,sdenis@example.com,+33 3 82 53 36 47,Burkina Faso,12,3685.08
490,Corinne Boucher,colette82@example.com,0379622531,Togo,3,3861.95
491,Julien Boutin,roland48@example.org,+33 5 33 94 16 35,Togo,3,2749.69
492,Joseph-Daniel Perez,duboisarnaude@example.com,+33 2 58 04 50 61,Côte d'Ivoire,1,2484.14
493,Arthur Charles-Berger,berthelotdenis@example.org,02 52 51 88 19,Cameroun,6,316.8
494,Hugues Petit,legrandandre@example.org,+33 (0)3 26 83 46 60,Togo,4,4197.86
495,Thibault de la Gallet,guibertclemence@example.net,+33 (0)1 80 30 26 81,Côte d'Ivoire,2,2042.34
496,Georges Simon-Lebrun,stephanie49@example.com,05 82 98 49 81,Cameroun,6,4439.41
497,André Laroche,margueritechevalier@example.net,0481200281,Côte d'Ivoire,2,3753.2
498,Vincent Mary-Hoareau,leducetienne@example.net,+33 3 54 29 34 15,Burkina Faso,12,3400.78
499,Gérard Louis,turpinisaac@example.com,+33 (0)5 24 95 85 45,Cameroun,6,4835.53
500,Anastasie Louis,mathildeaubert@example.org,01 73 80 63 21,Burkina Faso,12,4905.93
501,Lucas Moreno,vcolin@example.net,+33 (0)7 86 30 41 93,Cameroun,7,1840.27
502,Alphonse Roy,vcolin@example.net,+33 5 96 68 74 33,Togo,4,3208.88
503,Astrid Laurent,stephaneandre@example.com,03 21 31 20 00,Togo,4,2983.5
504,Paulette Renard-Marion,clemencedelaunay@example.org,+33 4 97 45 89 89,Cameroun,6,4508.34
505,Renée Bernard,virginiegirard@example.net,+33 4 68 19 05 59,Sénégal,8,3717.35
506,Claude Olivier,vcolin@example.net,0246211051,Togo,5,1987.79
507,Richard Gosselin,bernardhumbert@example.net,+33 3 60 20 69 53,Cameroun,7,285.12
508,Colette Cordier-Leblanc,gautiermargaux@example.net,+33 (0)5 59 76 59 21,Cameroun,7,1358.25
509,Dominique Ferreira,guilletrenee@example.net,+33 (0)1 88 59 11 88,Côte d'Ivoire,1,2908.24
510,Sabine Lévêque,aurore65@example.org,0156457961,Togo,5,1773.57
511,Théophile Robert,gpichon@example.org,05 90 00 25 24,Sénégal,9,477.04
512,Gabriel de la Rossi,yrey@example.net,+33 3 26 96 09 01,Côte d'Ivoire,1,3340.25
513,Diane Mahe,rmartin@example.org,0489366813,Burkina Faso,11,372.22
514,Cécile Coste,agathe57@example.net,+33 5 53 26 99 59,Cameroun,7,1688.42
515,Augustin de la Giraud,wrodriguez@example.net,+33 4 30 11 75 45,Togo,4,3430.11
516,Thibaut-Louis Guyot,lefortceline@example.org,0533006542,Cameroun,7,506.42
517,Henri Lebreton,cjourdan@example.net,05 49 84 70 24,Burkina Faso,11,1996.37
518,Christophe Hardy,lopezauguste@example.net,02 45 90 36 67,Sénégal,8,4049.83
519,Nathalie Julien,jean83@example.com,03 53 06 31 06,Cameroun,7,676.51
520,Pénélope Fischer,gabrielle40@example.org,+33 5 49 47 27 67,Burkina Faso,11,1912.14
521,Eugène Maury,adrien88@example.org,+33 (0)6 25 62 24 38,Burkina Faso,12,103.18
522,Élodie-Pauline Camus,marccarlier@example.com,+33 (0)3 63 35 91 40,Sénégal,9,4314.57
523,Henriette Peltier,brodrigues@example.com,+33 (0)3 66 65 52 44,Togo,5,949.18
524,Laure Guillot de la Jacquet,xarnaud@example.org,+33 (0)3 27 20 83 69,Sénégal,8,3378.07
525,Guillaume Grondin de la Lebrun,amaillot@example.net,+33 (0)3 59 84 51 44,Togo,5,1605.51
526,Margaux Vallet,francoisgosselin@example.net,0532793949,Côte d'Ivoire,1,1664.07
527,Étienne Maury,paulette53@example.net,04 32 75 07 91,Cameroun,7,1043.44
528,Martine de Bègue,pereiraadele@example.org,0250481617,Togo,4,2315.63
529,Édouard Foucher,alixpereira@example.com,0372223475,Cameroun,7,158.01
530,Franck Munoz,benoitgimenez@example.com,03 39 29 36 25,Sénégal,9,2737.12
531,William Maillard,vcolin@example.net,0698174611,Cameroun,6,4982.66
532,Maurice Maillet,martinfleury@example.com,+33 (0)1 43 36 67 12,Cameroun,6,686.05
533,Véronique-Agathe Ruiz,gosselinxavier@example.com,+33 (0)5 62 08 65 39,Burkina Faso,10,808.63
534,Honoré Bigot,vcolin@example.net,04 49 86 48 97,Burkina Faso,12,2408.32
535,Marianne Grondin,bernard73@example.org,+33 2 97 49 18 09,Burkina Faso,11,352.76
536,Pierre Bouchet,blotmaurice@example.net,0758945919,Sénégal,9,197.44
537,René Dupuis,hlecoq@example.com,0370822286,Côte d'Ivoire,2,3848.98
538,Georges Hardy,sdelorme@example.com,04 69 10 54 97,Burkina Faso,11,4688.37
539,Marcel Guillet,nicolasmargaud@example.com,02 29 13 79 03,Côte d'Ivoire,2,744.47
540,Agathe Peron,fbaudry@example.com,+33 (0)5 90 11 67 58,Togo,5,777.03
541,Georges Legros,uadam@example.com,+33 (0)3 58 92 05 63,Sénégal,8,4983.73
542,Olivier Le Marin,briandmarie@example.net,03 59 64 71 07,Sénégal,8,1281.02
543,Vincent Payet-Arnaud,pierreneveu@example.com,06 31 68 11 38,Côte d'Ivoire,1,3024.37
544,Léon Payet,pfabre@example.org,0535906234,Togo,5,1264.26
545,Lucie Bourdon-Payet,maillardvalerie@example.com,+33 (0)1 30 11 46 46,Sénégal,9,3085.59
546,Édouard Le Charles,diane58@example.com,+33 (0)4 65 81 39 73,Burkina Faso,12,1307.65
547,Aurore Blin,christiane39@example.com,0468913899,Togo,4,360.63
548,Nathalie-Sabine Pichon,descampslouise@example.org,0182371735,Burkina Faso,10,3705.83
549,Thérèse Carre,bergerfrederique@example.com,05 82 64 87 93,Togo,5,3758.82
550,Jérôme de Gautier,lfernandes@example.net,+33 (0)2 36 61 75 15,Sénégal,9,3866.8
551,Thérèse Pons,vmaillot@example.org,06 85 04 18 32,Côte d'Ivoire,2,3955.09
552,Andrée Tessier,nathalie54@example.net,0134309266,Côte d'Ivoire,1,1672.67
553,Michel Martel,ude-oliveira@example.org,+33 (0)3 20 97 06 69,Burkina Faso,11,528.5
554,Claudine Pruvost,croussel@example.com,+33 (0)6 33 51 50 74,Cameroun,6,3251.32
555,Constance Buisson,vcolin@example.net,+33 (0)4 37 15 77 70,Côte d'Ivoire,1,196.47
556,Pauline Chauvin,lagardealix@example.org,05 82 11 58 19,Sénégal,9,4139.82
557,Frédéric de la Costa,gcollin@example.org,+33 (0)1 30 11 46 46,Burkina Faso,10,4146.32
558,Hugues Le Gall,barbemargaud@example.org,01 43 68 01 69,Burkina Faso,12,1022.4
559,Luce Delaunay du Bouvet,bblanc@example.com,01 77 15 88 98,Cameroun,6,1910.15
560,Robert Costa du Gilbert,rchartier@example.net,+33 (0)4 76 74 70 09,Côte d'Ivoire,2,4618.2
561,Matthieu Foucher,arolland@example.net,+33 (0)5 94 90 48 20,Burkina Faso,11,4766.37
562,Alain Jean,leroyalfred@example.com,+33 (0)2 47 01 66 38,Côte d'Ivoire,1,4640.17
563,Jean Masson,dupuisanais@example.org,+33 6 31 63 81 55,Cameroun,7,2826.35
564,Maryse Mary,bernadette35@example.org,0800535093,Sénégal,9,3016.11
565,Claudine Laine,dumasluc@example.com,0434205397,Togo,3,161.88
566,Hélène Leleu,xpierre@example.net,02 35 70 87 76,Burkina Faso,12,1893.65
567,Françoise Pages-Lévêque,renee85@example.net,0369401909,Côte d'Ivoire,2,750.6
568,Hélène Traore,petithenriette@example.org,+33 4 98 99 16 98,Burkina Faso,11,905.22
569,Chantal Lebreton,tgaudin@example.com,06 33 37 86 85,Sénégal,9,3780.8
570,Suzanne Weber de Vallet,marchandarnaude@example.net,0229107724,Cameroun,6,2434.46
571,Aimé Brunet,jacquesferreira@example.org,+33 4 57 63 21 19,Sénégal,9,890.88
572,Denis-Alphonse Lambert,jacquesvirginie@example.org,03 79 32 81 74,Togo,5,4386.82
573,Lucy Michaud,martinzacharie@example.org,+33 (0)6 64 22 97 65,Côte d'Ivoire,2,2627.2
574,Adrien Adam,hfaivre@example.org,+33 2 18 85 65 53,Côte d'Ivoire,1,4627.91
575,Aimé-Patrick Thomas,alfred76@example.org,04 44 58 87 16,Sénégal,8,968.08
576,Eugène Didier,ubousquet@example.com,0782288019,Cameroun,7,4624.71
577,Constance-Manon Vasseur,mduval@example.org,0365156182,Sénégal,8,521.17
578,Célina Charrier de Pierre,schneiderbrigitte@example.org,+33 2 51 01 66 32,Burkina Faso,12,2744.84
579,Léon Guillaume,dorotheepicard@example.org,+33 (0)4 22 85 08 59,Sénégal,9,1997.3
580,Paul Techer,gaudinrenee@example.com,+33 (0)3 81 04 80 76,Togo,3,1696.66
581,Margaret Bouchet,francoisbrigitte@example.com,0546860808,Togo,4,1760.25
582,Émile Boulay de la Dias,virginie58@example.org,0149754502,Togo,4,1939.0
583,Charlotte Mary,lecomtetheophile@example.com,02 44 24 32 51,Togo,3,4542.03
584,Sylvie Fischer,augustin87@example.org,05 58 49 15 26,Togo,4,4840.11
585,Catherine Dumas,anastasie17@example.com,03 60 65 04 81,Togo,4,1526.43
586,Adrien Lombard,bmichaud@example.net,+33 5 40 72 64 70,Togo,4,1124.46
587,Joseph Laurent du Bourgeois,josette92@example.com,0805305699,Togo,3,2700.27
588,Josette-Claude Perrier,daniel66@example.com,+33 3 57 70 28 64,Cameroun,6,4729.52
589,Camille Vallet,genevieve84@example.com,06 55 81 96 34,Burkina Faso,10,2230.6
590,Robert Delattre,opaul@example.net,0557199771,Togo,4,181.32
591,Luce Mercier-Brunet,emiliemarty@example.com,+33 (0)1 30 11 46 46,Burkina Faso,12,1425.94
592,Franck Germain,vbrunel@example.net,05 33 70 08 43,Sénégal,9,4512.05
593,Joseph du Nguyen,gbouvier@example.net,+33 (0)4 32 99 77 10,Burkina Faso,12,1398.71
594,Matthieu Lacombe,tdaniel@example.com,05 49 93 17 59,Burkina Faso,11,3151.7
595,Hortense Delorme du Besnard,qpons@example.com,+33 3 67 40 85 05,Togo,4,3034.38
596,Virginie Lemaître,margot32@example.net,04 63 08 95 99,Sénégal,8,2349.32
597,Jeannine de la Baron,alfred62@example.net,+33 (0)2 69 41 71 32,Sénégal,9,3942.52
598,Nicolas Georges,brigittetoussaint@example.net,+33 (0)3 20 85 68 53,Togo,4,700.25
599,Claire du Boulay,blondelgeorges@example.net,+33 4 97 41 14 39,Burkina Faso,12,4666.72
600,Antoine Auger,corinne88@example.net,01 81 65 12 93,Côte d'Ivoire,1,934.35
601,Patricia Guillon,yblanchard@example.com,+33 (0)7 50 10 01 43,Burkina Faso,10,634.27
602,Lucas Vasseur,manon90@example.org,+33 (0)4 79 37 61 09,Sénégal,8,4691.71
603,Jean-Yves Parent,adele14@example.org,+33 (0)4 78 06 18 55,Togo,3,1932.16
604,Gabrielle Ferrand-Allard,robert05@example.net,+33 3 63 67 73 07,Sénégal,8,4130.73
605,Hugues Meyer,tessiervictoire@example.com,+33 (0)2 99 29 95 77,Cameroun,7,2432.37
606,Gabrielle Grenier,vaillantbernard@example.org,+33 (0)3 52 99 90 15,Cameroun,7,1037.53
607,William Mathieu,maurypatricia@example.net,+33 (0)4 76 60 89 25,Burkina Faso,10,3713.45
608,Guillaume Lejeune,stephanie57@example.com,0256914254,Côte d'Ivoire,1,2696.5
609,Michelle Joseph,hameldenis@example.com,02 58 05 94 07,Togo,4,2356.73
610,Jules Lenoir,helene46@example.org,03 23 36 04 65,Togo,5,2742.82
611,Richard Marty,de-sousaanne@example.net,01 58 60 38 25,Burkina Faso,11,2734.86
612,Nicole Charrier Le Colin,josephvincent@example.org,04 83 40 68 50,Burkina Faso,12,4429.31
613,François Reynaud,pruvostmichelle@example.org,+33 4 80 20 80 10,Togo,4,3665.17
614,Patrick Gérard,oguerin@example.org,+33 3 62 85 81 13,Togo,5,918.27
615,Théodore du Durand,xfernandes@example.com,+33 6 69 81 66 69,Sénégal,9,672.65
616,Zoé Thierry-Berger,theodoremaurice@example.com,+33 2 98 13 37 42,Togo,5,3748.49
617,Raymond Nicolas,acohen@example.com,+33 6 32 02 56 84,Burkina Faso,12,2817.86
618,Auguste Guyot,joubertantoine@example.net,+33 (0)1 82 17 07 80,Sénégal,9,3531.18
619,Anouk-Alexandria Pelletier,xmartel@example.com,+33 2 77 81 62 65,Burkina Faso,10,3766.14
620,Auguste Leclerc,mauricepineau@example.com,0491819626,Burkina Faso,11,4125.79
621,Luc Thibault,dupontclaude@example.com,+33 6 30 57 36 00,Burkina Faso,10,1254.73
622,Sébastien Ledoux-Godard,isabelle22@example.net,0669566112,Togo,4,3979.04
623,Georges Ferreira de Jacob,dtexier@example.net,+33 (0)2 57 11 79 90,Burkina Faso,10,4512.12
624,Grégoire Pierre Le Morin,fbarbier@example.com,+33 5 53 79 40 00,Togo,5,1460.57
625,Arthur Perrin,jerome95@example.org,0518210352,Togo,3,3462.94
626,Valérie-Capucine Gilles,weberjuliette@example.org,+33 6 77 12 98 36,Cameroun,7,881.68
627,Adrien Rodrigues de la Joseph,vcolin@example.net,06 99 79 25 26,Côte d'Ivoire,2,4395.45
628,Lucas Chrétien,boulayoceane@example.org,+33 (0)2 47 68 79 74,Togo,4,1891.73
629,Henriette Cousin,ramosmaurice@example.org,+33 (0)6 40 35 03 80,Togo,3,2819.57
630,Aimé Thomas,ogillet@example.org,+33 4 26 47 76 76,Togo,3,4597.69
631,Victor Rémy,lambertelise@example.net,+33 (0)1 30 11 46 46,Burkina Faso,10,4152.65
632,Théophile Turpin,loiseaususan@example.com,+33 (0)2 18 73 90 49,Côte d'Ivoire,1,3309.87
633,Hélène Aubert,marine32@example.com,+33 (0)5 96 19 68 16,Togo,4,3507.38
634,Grégoire Hamel,noeltheophile@example.net,+33 (0)1 30 11 46 46,Burkina Faso,10,4486.71
635,Martin Hebert,raymondperon@example.com,0531509501,Togo,5,2719.26
636,Corinne Peron,constancebernard@example.org,+33 2 38 87 03 89,Cameroun,6,1930.93
637,Nathalie Bonnin,larochedaniel@example.org,04 83 68 18 07,Côte d'Ivoire,2,2853.27
638,Dorothée Guyon-Lecomte,neveugerard@example.net,0367989048,Cameroun,7,3800.07
639,Amélie Diallo-Roy,marionremy@example.com,01 56 56 08 56,Burkina Faso,11,3323.71
640,Franck Sauvage,ldelattre@example.net,0327576880,Togo,5,1775.23
641,Christiane Mercier,carliercharles@example.org,+33 2 44 53 83 21,Côte d'Ivoire,2,2333.83
642,Georges Leleu,xavier46@example.net,+33 (0)3 22 11 52 52,Côte d'Ivoire,2,2887.35
643,Chantal Bonnin,danielleconte@example.net,04 65 68 40 89,Togo,5,2978.97
644,Gilbert Chauveau du Le Roux,diazodette@example.org,+33 (0)3 75 03 34 59,Burkina Faso,10,2243.48
645,Lucie Rodriguez,francois75@example.net,03 87 51 29 44,Cameroun,7,883.45
646,Sébastien Jacquot,wmeunier@example.net,0170619960,Sénégal,9,1098.03
647,Valérie Sanchez,rleveque@example.org,01 64 25 31 54,Burkina Faso,12,1822.63
648,Nath-Juliette Lemoine,pgonzalez@example.com,+33 (0)2 53 97 07 58,Côte d'Ivoire,1,3958.45
649,Roger-Benoît Durand,corinne66@example.org,05 36 92 11 88,Côte d'Ivoire,1,499.26
650,Xavier du Clerc,adrienne43@example.org,03 62 53 49 53,Côte d'Ivoire,1,4973.55
651,Marthe Besson,noel13@example.net,+33 1 75 08 99 85,Togo,3,1906.56
652,Alex-Michèle Diallo,astrid36@example.net,+33 (0)1 76 72 13 53,Burkina Faso,11,2483.93
653,Lucie Merle,kbernier@example.org,03 87 03 41 76,Sénégal,9,1791.22
654,Louise Vallet,alaindidier@example.org,+33 1 70 07 98 61,Togo,4,2790.09
655,Paulette Dias,valentine86@example.org,04 74 23 72 51,Sénégal,8,2073.8
656,Arnaude Laurent,benjamincarlier@example.com,03 63 74 07 24,Cameroun,6,155.17
657,Maggie de la Coulon,chauveauolivier@example.org,03 56 00 97 85,Côte d'Ivoire,1,2922.15
658,Margaret Pages,vjacquot@example.org,+33 5 55 79 55 53,Togo,5,4325.49
659,Rémy Fouquet,leblancanais@example.org,+33 1 34 84 96 33,Togo,4,2027.09
660,Marine-Catherine Riou,aimegilbert@example.org,+33 (0)3 27 21 90 70,Sénégal,8,1105.82
661,Julien-Noël Blondel,yevrard@example.net,+33 (0)6 22 14 44 48,Togo,4,3570.02
662,Bernadette Turpin,emile93@example.org,0323439266,Côte d'Ivoire,2,3985.01
663,Augustin Masse,nathalie45@example.com,+33 6 98 97 38 97,Cameroun,6,4522.65
664,Maggie Duval de la Tessier,william00@example.org,+33 (0)3 63 74 81 89,Sénégal,9,1575.21
665,Charles de la Boulay,francoiseraymond@example.net,0376386263,Burkina Faso,10,424.07
666,Martine-Michelle Dupont,gabriel74@example.com,+33 3 52 16 14 61,Burkina Faso,12,4962.88
667,Martine Rodriguez,ines31@example.com,+33 3 39 33 19 91,Sénégal,8,4276.5
668,Paul-Thomas Jacques,paulettedavid@example.org,03 86 41 79 12,Togo,5,814.84
669,Adèle Benoit,anastasie40@example.net,+33 3 39 35 20 20,Sénégal,8,1567.51
670,Véronique de la Sanchez,victoire23@example.com,0533656889,Burkina Faso,10,337.6
671,Thibaut Bazin du Leconte,vcolin@example.net,04 85 68 90 27,Burkina Faso,10,2279.0
672,Henri Pruvost,cmartin@example.net,04 77 13 02 38,Sénégal,9,3347.96
673,Daniel Roux de Guyot,rchevalier@example.com,+33 (0)3 57 85 57 26,Burkina Faso,11,591.32
674,Robert Delahaye de la Hubert,victorbonnin@example.net,+33 (0)4 87 07 71 65,Côte d'Ivoire,1,4665.65
675,Adrien Bourgeois du Hebert,camillelombard@example.org,0367522618,Sénégal,8,659.79
676,Lucie Le Neveu,alfred13@example.org,05 53 08 60 75,Côte d'Ivoire,2,3165.54
677,Alice Bailly de la Meunier,xlebreton@example.net,+33 (0)3 80 59 36 94,Sénégal,8,1418.44
678,Maurice Gosselin,vcolin@example.net,+33 4 92 67 63 54,Togo,5,957.07
679,Emmanuel Lebon,galletvictor@example.com,04 38 65 39 33,Sénégal,9,2426.28
680,Benoît Bertin,tbonneau@example.net,04 68 41 12 54,Burkina Faso,11,3120.74
681,Pierre Maillard,fleclerc@example.com,+33 (0)1 30 11 46 46,Burkina Faso,12,557.08
682,Sébastien Bernard,marysecamus@example.net,+33 1 56 33 96 30,Sénégal,9,2387.13
683,Isaac Lebon,aguilbert@example.org,0486043431,Burkina Faso,12,646.62
684,Matthieu-Bernard Faure,benoit57@example.com,0326700089,Togo,3,1477.63
685,Maurice Barbe-Launay,carliereugene@example.net,+33 3 53 23 59 56,Togo,3,4681.5
686,Christiane Maréchal-Brun,qfontaine@example.net,+33 4 94 95 81 87,Burkina Faso,11,3623.86
687,Lorraine Fernandes,tgautier@example.com,+33 (0)2 43 95 37 33,Burkina Faso,12,829.12
688,Daniel-Arthur Renaud,eugeneadam@example.org,0472206875,Sénégal,8,2896.62
689,Philippe Lenoir,calexandre@example.net,05 63 32 54 54,Burkina Faso,12,179.16
690,Guy Barbe,xlaurent@example.org,05 36 34 30 31,Togo,3,1344.39
691,Lorraine de la Fontaine,vcolin@example.net,+33 (0)2 69 44 90 47,Cameroun,7,4150.09
692,Nicolas Tessier,vcolin@example.net,02 21 26 10 11,Togo,4,4549.65
693,Zoé Valette,boulangerjoseph@example.org,0363457348,Togo,3,3559.0
694,Thierry Joseph,rpasquier@example.org,03 23 03 32 64,Togo,4,4658.01
695,Édith-Renée Costa,elodie55@example.org,02 90 63 15 36,Sénégal,9,4736.09
696,Alexandre Neveu,ldelmas@example.net,+33 5 45 20 87 06,Sénégal,9,180.63
697,Alfred Renard,kcoste@example.org,0181285503,Sénégal,9,4846.38
698,Claude Colin,brigittepascal@example.net,+33 (0)5 55 23 90 04,Burkina Faso,11,4006.44
699,Pauline Bertrand,albertnathalie@example.net,04 90 77 95 95,Cameroun,6,1947.23
700,Éric Legrand,boulayphilippe@example.com,0276893181,Cameroun,7,1764.53
701,Margot Daniel,pbonnet@example.org,+33 (0)2 32 66 12 99,Burkina Faso,10,2713.4
702,Nathalie Daniel,jacobeugene@example.net,0144997789,Côte d'Ivoire,1,4054.32
703,Michelle Fernandez,theophilehenry@example.net,+33 (0)5 31 74 60 23,Burkina Faso,12,2256.44
704,Édouard Lemonnier Le Bruneau,remy93@example.org,05 61 19 95 73,Côte d'Ivoire,2,2564.07
705,Pauline Thomas,paulbonnet@example.net,+33 (0)1 30 11 46 46,Burkina Faso,11,2159.6
706,Michelle Bourdon,mariemargot@example.net,0232850106,Sénégal,8,3561.77
707,Cécile Roger,michel71@example.org,+33 (0)1 46 42 19 18,Sénégal,9,3068.88
708,Yves-Olivier Imbert,jacquotfrederic@example.net,+33 5 57 73 36 49,Burkina Faso,10,232.85
709,Gérard Marie-Pineau,margaux67@example.net,+33 2 31 48 79 66,Sénégal,9,4874.81
710,Capucine Philippe Le Lenoir,olivierastrid@example.org,05 59 90 03 10,Togo,5,1282.89
711,Emmanuel Schmitt,augustin42@example.org,+33 6 46 21 73 55,Burkina Faso,11,3541.44
712,Joseph du Maréchal,valentindenise@example.com,07 39 18 43 95,Cameroun,7,1319.47
713,Célina Georges-Nicolas,bfoucher@example.com,02 43 05 02 08,Côte d'Ivoire,1,2648.83
714,Adélaïde Louis,maggiemarechal@example.net,+33 (0)1 44 88 43 57,Cameroun,7,2434.54
715,Édouard Ferreira,marchalmartine@example.org,+33 (0)4 20 47 83 57,Burkina Faso,10,2752.92
716,Margaux-Michelle Pascal,lacombemarthe@example.com,+33 6 38 94 13 29,Sénégal,9,1232.2
717,Alexandria Mace,thibaut63@example.org,+33 (0)1 40 70 90 68,Cameroun,6,1809.3
718,Théophile Leroy,pde-sousa@example.net,+33 3 51 52 72 08,Togo,3,4297.62
719,Laure Thomas,xpinto@example.org,+33 (0)4 92 61 76 57,Sénégal,8,625.85
720,Laurence Thibault,buissonmarthe@example.net,+33 4 91 17 90 13,Sénégal,9,2197.58
721,Sébastien Parent,loiseaulucas@example.org,+33 4 67 26 91 52,Burkina Faso,11,1032.92
722,Martin Voisin,carnaud@example.net,05 87 32 19 39,Burkina Faso,11,4654.36
723,Philippine Coulon,hortense54@example.com,+33 5 63 18 54 41,Cameroun,7,1969.09
724,Denis de Moreau,gallettimothee@example.org,06 13 19 42 46,Cameroun,7,2504.58
725,Richard Marchand,tledoux@example.com,+33 (0)2 19 61 09 64,Burkina Faso,10,4679.55
726,Maurice Raynaud,vcolin@example.net,+33 (0)2 98 88 06 14,Côte d'Ivoire,2,3354.68
727,Andrée-Adélaïde Hardy,gtorres@example.net,+33 5 67 75 84 60,Côte d'Ivoire,2,3294.13
728,Denis Arnaud Le Raymond,fjoseph@example.net,+33 (0)1 73 49 88 54,Togo,3,2441.32
729,Isabelle Vallée,vcolin@example.net,+33 (0)2 47 32 29 49,Sénégal,8,762.7
730,Gabriel Boucher,maggie30@example.net,+33 (0)3 58 49 02 25,Burkina Faso,11,3857.89
731,Audrey de Maury,valleeclaire@example.org,+33 (0)6 37 21 00 30,Côte d'Ivoire,2,4639.39
732,Lucas Perrot,genevieve16@example.org,+33 (0)2 29 93 65 10,Togo,5,1791.07
733,Martin Besson,cmichel@example.org,+33 5 24 50 56 03,Sénégal,9,2241.83
734,Adélaïde Perrot,lambertaugustin@example.net,04 95 67 62 98,Cameroun,7,4344.07
735,Philippe Lacombe-Moreau,andrecouturier@example.net,0254804991,Sénégal,8,4360.94
736,Josette Gérard,davidlefebvre@example.net,+33 5 64 58 48 54,Cameroun,7,3760.01
737,Emmanuel Grondin,dorotheepierre@example.com,03 71 27 91 02,Côte d'Ivoire,1,2010.53
738,Aurélie Blanchard,cmaillet@example.net,+33 (0)1 30 11 46 46,Sénégal,8,1281.97
739,Mathilde Gilles,peroncatherine@example.org,+33 2 78 00 03 08,Togo,3,3466.92
740,Martine Guibert,blanchardemile@example.org,+33 5 65 87 64 79,Sénégal,9,150.31
741,Jacques Le Humbert,fperrin@example.com,0310239739,Burkina Faso,10,2078.2
742,Yves-Timothée Hoareau,vbarre@example.org,02 35 30 04 97,Côte d'Ivoire,1,788.43
743,Louis Bigot,auroredos-santos@example.com,03 10 11 97 42,Sénégal,9,1130.21
744,Léon Colas,roussetalex@example.net,+33 (0)5 63 96 00 10,Côte d'Ivoire,1,475.78
745,Margot Barthelemy,vcolin@example.net,01 42 84 26 96,Sénégal,9,1964.86
746,Victoire Chevalier,kpicard@example.org,+33 2 21 35 88 38,Côte d'Ivoire,2,2395.78
747,Thierry-Georges Normand,xlaurent@example.org,+33 5 16 87 31 71,Togo,4,3459.29
748,Camille Lebrun-Maillet,christopheleroy@example.net,+33 6 33 03 73 49,Togo,3,3652.12
749,Maggie Carlier-Michel,beckerantoinette@example.net,+33 3 55 42 83 43,Cameroun,7,3791.07
750,Dominique Fernandez,hamelhugues@example.org,0524393163,Togo,4,2849.08
751,Aimée Normand de la Lopez,besnardetienne@example.net,+33 (0)5 54 95 39 74,Togo,4,2830.48
752,Josette Rocher,ugros@example.org,0557763245,Togo,5,3031.26
753,Alfred de la Fernandes,dominique78@example.org,+33 3 58 85 06 46,Burkina Faso,11,2947.51
754,Luc Lamy-Maurice,chretiensusanne@example.net,0140221344,Cameroun,7,973.31
755,Inès Thomas,vcolin@example.net,+33 (0)1 30 11 46 46,Togo,5,3071.4
756,Édith Nguyen Le Voisin,guillotdavid@example.net,02 48 67 35 58,Sénégal,9,773.04
757,Hélène Meyer,lebretonnicole@example.net,02 31 79 01 67,Burkina Faso,11,4893.05
758,Vincent Da Silva,zoeteixeira@example.com,0237398011,Togo,4,4272.68
759,Colette Julien,vcolin@example.net,+33 5 17 86 12 62,Sénégal,9,1425.03
760,Marianne Lévy,michellehamel@example.org,0756478679,Burkina Faso,10,1839.23
761,Catherine Le Gay,josephine82@example.org,0556057058,Togo,4,2973.76
762,Hélène Le Ollivier,therese18@example.com,+33 (0)1 30 11 46 46,Burkina Faso,10,1339.43
763,Philippe Chrétien de Gosselin,genevievechauvet@example.org,08 06 64 37 34,Togo,4,804.26
764,Laetitia Fabre,ulacroix@example.com,04 78 08 15 19,Cameroun,6,1502.98
765,Élisabeth-Odette Lelièvre,michelleadam@example.net,+33 (0)6 35 96 79 07,Sénégal,8,696.68
766,Honoré Payet du Delaunay,labbeemilie@example.com,06 95 22 67 35,Togo,3,3298.69
767,Henriette Mathieu,chevallierfranck@example.net,0389928466,Togo,3,1888.64
768,Julien-Philippe Lemaître,vcolin@example.net,+33 2 98 63 66 04,Sénégal,8,1335.71
769,Margaud Normand,hferrand@example.com,03 87 03 58 72,Sénégal,8,2814.86
770,Roland du Weiss,blenoir@example.org,+33 (0)1 58 93 64 09,Côte d'Ivoire,2,3613.58
771,Simone Le Hervé,renaultclaudine@example.org,+33 5 54 28 72 12,Togo,4,1249.08
772,Josette de Blot,charlestimothee@example.com,+33 2 34 42 52 73,Cameroun,6,2747.75
773,Agnès Fontaine,louise56@example.org,03 27 30 71 19,Burkina Faso,11,157.92
774,André Rousset-Ledoux,stephane63@example.net,02 55 39 02 24,Cameroun,6,2807.14
775,Jacqueline Jacquet,rblondel@example.com,+33 (0)1 30 11 46 46,Côte d'Ivoire,2,1461.17
776,Catherine Ribeiro,umeunier@example.net,+33 (0)3 29 84 89 29,Sénégal,8,2718.71
777,Luc Imbert,noeljean@example.net,+33 5 59 77 53 96,Côte d'Ivoire,2,1716.0
778,Georges De Oliveira,rossibenoit@example.com,0437916031,Cameroun,6,908.63
779,Agnès-Christelle Breton,anoukbouvet@example.com,0279240199,Togo,4,4653.57
780,Philippe-Grégoire Martineau,sophieleclerc@example.net,+33 4 91 24 03 82,Togo,4,198.3
781,Charles de Guérin,rivieregeorges@example.net,+33 (0)1 30 11 46 46,Côte d'Ivoire,1,4922.72
782,Anouk de Humbert,marinegros@example.net,0365849479,Cameroun,6,3542.16
783,Adrien du Gomes,svasseur@example.net,+33 (0)1 30 11 46 46,Burkina Faso,11,1334.39
784,Alphonse de la Moreau,dorothee74@example.net,03 55 66 33 01,Côte d'Ivoire,2,3969.64
785,Lorraine Henry-Guillou,ftraore@example.net,+33 (0)2 37 78 82 74,Burkina Faso,10,3357.34
786,Thierry Grondin-Allain,denisremy@example.net,01 78 55 92 28,Côte d'Ivoire,1,2187.82
787,Gérard de la Guichard,margaret12@example.com,0411457090,Burkina Faso,11,4764.31
788,Simone-Océane Lopes,qdescamps@example.net,+33 (0)3 60 50 24 30,Côte d'Ivoire,2,859.34
789,Hugues Alexandre,ulefebvre@example.net,+33 (0)3 60 42 29 10,Côte d'Ivoire,2,1825.55
790,Stéphane Collin,chevalliertimothee@example.org,+33 (0)4 78 52 56 21,Togo,5,2658.62
791,Dominique-Christelle Lemaire,uroger@example.net,02 78 61 22 89,Sénégal,9,3751.09
792,Hortense Petitjean,peltiermargaud@example.org,+33 3 23 51 22 34,Cameroun,6,1114.25
793,Nicolas Briand,guillaume51@example.net,05 79 52 62 55,Sénégal,9,1219.97
794,Louise Clerc,marianne70@example.net,04 44 75 62 07,Sénégal,8,520.6
795,William-Antoine Guillou,vcolin@example.net,+33 2 14 34 89 55,Côte d'Ivoire,1,240.18
796,Lucas Courtois,philippinemartinez@example.org,+33 5 64 98 09 49,Burkina Faso,10,3130.32
797,Marine Nicolas,virginielelievre@example.com,+33 (0)3 83 48 76 93,Burkina Faso,11,3344.7
798,Théodore du Michaud,vcolin@example.net,+33 (0)5 94 26 94 72,Togo,3,1547.71
799,Louis Renard,guerinthierry@example.com,05 58 00 10 06,Sénégal,8,4922.99
800,Andrée Gauthier,zoe70@example.org,+33 3 70 23 95 16,Sénégal,8,771.28
801,Michel Renault,kmercier@example.net,0142982367,Burkina Faso,12,2100.35
802,Anne Maréchal,franck73@example.net,0174399644,Burkina Faso,10,3280.33
803,Constance Arnaud,madeleine38@example.net,+33 4 92 10 61 50,Togo,4,595.48
804,Thibault Ferrand,anaisgoncalves@example.com,+33 (0)2 32 80 30 57,Côte d'Ivoire,2,827.95
805,Maurice Rossi,llombard@example.net,+33 (0)5 08 40 09 91,Burkina Faso,11,888.97
806,Olivier de Tanguy,thibautdubois@example.com,+33 2 97 49 33 79,Togo,4,3310.49
807,Margaret-Hortense Bouvier,margaretlanglois@example.net,02 37 97 14 26,Cameroun,6,1071.82
808,Océane du Marchand,zcamus@example.org,02 90 13 17 18,Cameroun,6,1011.03
809,Laure Leconte,cgrenier@example.net,0144597145,Côte d'Ivoire,2,1500.45
810,Claudine-Thérèse Vincent,gregoirevaillant@example.net,+33 3 28 08 81 75,Burkina Faso,12,1657.01
811,Raymond Legrand de la Vallet,xtexier@example.org,0174411520,Burkina Faso,12,2746.77
812,Valérie Laporte,vcolin@example.net,03 90 92 06 78,Cameroun,6,2954.35
813,Julien Le Duhamel,brigitte43@example.org,0155748870,Côte d'Ivoire,1,2345.02
814,Charles Samson de la Peltier,reneeperrier@example.org,0389286499,Burkina Faso,12,1896.77
815,Xavier Guichard,anastasiearnaud@example.com,0139582058,Burkina Faso,10,3905.1
816,Patrick Moreno,gilbertberger@example.com,+33 (0)4 87 36 78 78,Sénégal,9,1458.87
817,Frédéric Brunel,lucy03@example.net,+33 5 24 14 88 52,Burkina Faso,10,2952.4
818,Lucas Descamps du Weber,lemonniermathilde@example.com,0582314648,Côte d'Ivoire,1,4449.54
819,Célina Mercier,alveselisabeth@example.org,+33 (0)1 43 47 60 20,Togo,3,3955.2
820,Lucy Briand,eparent@example.net,0465978096,Cameroun,7,285.46
821,Denis-Sébastien Gosselin,vcolin@example.net,0376374298,Sénégal,8,3342.05
822,Charles Brun,anne75@example.org,02 31 07 58 17,Cameroun,7,1262.54
823,William Hardy,margaretguillou@example.net,0473538677,Sénégal,8,251.27
824,Martine Rivière,theodore06@example.com,+33 1 74 96 44 11,Cameroun,7,762.15
825,Patrick Carpentier,lucie79@example.net,+33 (0)2 56 78 37 20,Cameroun,7,609.58
826,Théophile Hardy,qgauthier@example.com,02 32 19 56 81,Burkina Faso,11,4747.27
827,Anastasie Leclercq,margaudrenault@example.net,+33 (0)5 34 37 88 50,Sénégal,8,434.86
828,Michelle Pinto,augerdominique@example.com,+33 6 33 77 13 29,Togo,4,4687.2
829,Jeannine Diaz,pmaurice@example.com,0632069589,Côte d'Ivoire,2,1333.02
830,Nath Louis-Fischer,charles02@example.net,0365896269,Sénégal,9,3824.46
831,Valentine Maillet,lefebvrepatrick@example.org,+33 (0)1 56 11 39 31,Burkina Faso,12,2213.58
832,Franck Muller,margot38@example.org,+33 (0)5 49 22 77 15,Burkina Faso,12,4928.0
833,Constance Le Roux,richard82@example.net,+33 (0)1 30 11 46 46,Burkina Faso,11,4651.83
834,Catherine du Colas,sylvie24@example.com,+33 2 79 00 76 01,Burkina Faso,10,2108.21
835,Léon Torres,alexleveque@example.org,01 74 36 19 25,Burkina Faso,12,3520.1
836,Honoré Guillot-Hubert,brigittemoulin@example.net,+33 4 87 54 85 89,Togo,3,1188.09
837,Éric Barbe,ramosjacques@example.net,+33 (0)3 45 97 25 67,Togo,4,150.95
838,Tristan Masse-Lacombe,alainboulay@example.net,+33 4 27 01 37 21,Burkina Faso,12,2184.86
839,Marianne Briand,gilleshebert@example.net,+33 3 29 16 15 97,Sénégal,9,2919.82
840,Julien de la Charles,glejeune@example.org,0536927981,Côte d'Ivoire,2,672.57
841,Frédérique Lacombe,audrey09@example.com,03 28 41 01 66,Togo,5,2081.45
842,Anne Riou,remymarchand@example.net,+33 1 72 66 73 42,Sénégal,9,2530.53
843,René Delmas,adelaide17@example.net,+33 1 79 81 00 90,Burkina Faso,11,600.44
844,Benjamin Langlois,vcolin@example.net,0359721404,Burkina Faso,10,437.55
845,Sophie Morel,matthieudurand@example.net,06 95 31 15 79,Togo,5,2211.55
846,Célina Lambert Le Guérin,thomasbrunel@example.net,0413143378,Togo,4,2336.06
847,Julien du Dos Santos,uferreira@example.org,01 44 07 75 28,Sénégal,9,1469.97
848,Margaret-Anastasie Deschamps,alphonse17@example.com,+33 (0)3 86 35 84 27,Côte d'Ivoire,2,3324.78
849,Audrey Auger,emmanuelle60@example.com,03 63 56 10 08,Togo,5,2650.44
850,Sébastien Blanchet,martinaimee@example.net,+33 4 65 64 67 40,Burkina Faso,11,2938.75
851,Nathalie Rolland,cvasseur@example.net,0579919836,Togo,3,4906.87
852,Auguste-Zacharie Chauvet,olivierenault@example.com,+33 (0)3 21 11 06 07,Sénégal,8,1941.17
853,Victoire-Jeanne Michaud,louis79@example.com,+33 4 23 67 50 96,Cameroun,7,4614.47
854,Jacques-Robert Lemoine,davidlacombe@example.net,01 78 35 77 69,Cameroun,6,1690.96
855,Pauline François,jeanvallet@example.com,+33 1 56 47 02 81,Togo,4,103.26
856,Constance-Clémence Bertin,gilleslaure@example.net,0488115650,Togo,3,2597.7
857,Philippine-Monique Aubry,gabrielleweber@example.com,05 58 84 39 17,Togo,5,1484.64
858,Maryse Fleury-Hebert,renardcaroline@example.net,0468673286,Côte d'Ivoire,2,364.34
859,Emmanuelle Klein,kribeiro@example.org,+33 (0)1 30 11 46 46,Sénégal,9,2535.18
860,Gilbert Huet de Vallée,anouk52@example.org,+33 (0)3 66 12 61 35,Togo,3,4533.55
861,Alix Chartier de Launay,mbarre@example.org,03 61 29 24 20,Togo,5,1694.58
862,Thibaut Lefèvre,francois79@example.net,+33 (0)1 30 11 46 46,Togo,5,2972.88
863,Marcel Pottier,perrinsuzanne@example.com,+33 2 46 18 85 97,Burkina Faso,11,1040.28
864,Inès Lévy-Collet,marinepineau@example.net,+33 (0)1 60 07 73 11,Burkina Faso,12,1500.69
865,Alex Laporte de Dufour,dbaudry@example.net,+33 4 75 97 03 34,Côte d'Ivoire,2,1029.87
866,Alfred Lacombe,tristanalexandre@example.org,+33 3 64 09 50 01,Burkina Faso,11,1135.78
867,Arnaude Lacombe,techersusan@example.com,+33 (0)2 90 64 54 13,Togo,3,1167.56
868,Arthur du Huet,jacquelineparis@example.org,+33 1 75 87 33 84,Togo,3,2735.71
869,Roger Gomez,eugenelebrun@example.com,02 99 23 42 04,Burkina Faso,10,4389.35
870,Anastasie Dos Santos,premy@example.net,+33 5 57 54 33 66,Burkina Faso,12,1493.68
871,Marie-Renée Gomes,xgonzalez@example.net,04 63 04 36 00,Sénégal,9,1316.91
872,Michèle Guibert-Blot,lperret@example.com,0638505835,Côte d'Ivoire,2,4311.04
873,Claudine Caron,christophemorvan@example.org,0173139579,Sénégal,9,4561.26
874,Dorothée Raymond,lesagemonique@example.net,+33 5 94 06 64 38,Côte d'Ivoire,2,4130.8
875,Vincent Lefèvre,frederic09@example.net,+33 5 31 33 23 67,Burkina Faso,12,4760.27
876,Juliette-Sylvie Lesage,adriennelambert@example.com,+33 4 86 84 34 91,Cameroun,7,3254.52
877,Inès Dupré,lgerard@example.net,+33 5 64 87 55 99,Togo,4,2119.68
878,Margot Weiss-Ollivier,laineemmanuelle@example.org,+33 2 96 85 62 68,Togo,5,1534.28
879,Suzanne Hamel-Baudry,charlotte50@example.org,07 52 25 79 51,Burkina Faso,12,989.52
880,Benjamin Voisin,cecile98@example.org,+33 4 70 90 56 20,Burkina Faso,11,433.24
881,Arthur Dijoux du Lemaire,lopespatricia@example.com,+33 (0)1 72 76 12 87,Cameroun,6,114.04
882,Émile Delaunay,laetitia07@example.org,0327567693,Sénégal,9,4925.5
883,David Fleury,diane45@example.org,+33 (0)4 95 95 24 13,Togo,3,1501.08
884,Gilbert Guillon-Mallet,bourdonaurelie@example.com,0370992735,Togo,5,1592.84
885,Noël Guillot de la Barbe,philipperoger@example.org,0324257563,Togo,5,2583.39
886,Philippine Guilbert-Gallet,dneveu@example.com,0559648587,Cameroun,6,808.16
887,Jules Chauveau,tristan60@example.org,+33 7 62 46 69 08,Sénégal,8,1849.01
888,Lucas Gros de Perrot,evrardmarguerite@example.org,+33 (0)1 30 11 46 46,Burkina Faso,10,2464.28
889,Bertrand Guillou,henrigermain@example.com,+33 3 21 31 03 96,Togo,5,1883.02
890,Frédéric-Jean Lebreton,xavierlefebvre@example.org,0471191623,Sénégal,9,784.91
891,Édouard Monnier,lbarbe@example.org,0631922977,Burkina Faso,10,4570.37
892,Anouk-Luce Chartier,henrigros@example.com,+33 2 44 85 61 42,Cameroun,6,3833.28
893,Denise Barthelemy,berthelotalice@example.com,0387209326,Togo,5,3616.86
894,Chantal de la Rodrigues,jgay@example.org,0144075092,Burkina Faso,12,3672.61
895,Élodie Thomas,raymondklein@example.org,+33 (0)7 49 63 82 00,Cameroun,7,1101.87
896,Gabriel Le Goff,henri01@example.org,+33 (0)7 38 13 49 24,Côte d'Ivoire,1,113.11
897,Alfred Rocher,lucramos@example.org,0493643842,Cameroun,6,1432.34
898,Bertrand-Thomas Gimenez,mlecomte@example.net,+33 (0)5 49 58 64 30,Burkina Faso,12,1032.18
899,Renée Rolland-Le Goff,benoitgillet@example.com,+33 5 65 54 51 96,Côte d'Ivoire,1,1865.8
900,Élise Blanc,alixbodin@example.net,+33 1 69 34 36 19,Sénégal,9,2202.86
901,Michèle-Susanne Bigot,bernardbertrand@example.org,+33 5 40 96 62 13,Burkina Faso,11,2071.54
902,Christelle-Marthe Bonneau,lecomteanastasie@example.org,+33 (0)4 15 75 96 37,Togo,3,602.55
903,Michelle Lesage,garciatimothee@example.com,+33 7 31 29 62 67,Sénégal,8,4022.47
904,Michelle-Margot Lecomte,lelievremaurice@example.org,+33 1 49 81 85 88,Burkina Faso,11,631.89
905,Antoine Nguyen,jacquesbecker@example.com,+33 5 34 57 30 11,Cameroun,6,1592.96
906,Henri Gomes,pmarin@example.org,+33 (0)1 30 11 46 46,Burkina Faso,12,3598.37
907,Gabrielle Legendre-Fleury,marthe84@example.org,0218322162,Burkina Faso,12,240.24
908,Maurice Gilles de la Delmas,victorbaron@example.net,+33 (0)2 79 14 50 04,Togo,5,2518.06
909,Jacques Lévêque,marine58@example.org,03 80 48 38 73,Cameroun,7,4408.72
910,Joséphine-Stéphanie Hubert,lorraine65@example.com,+33 6 49 08 60 45,Togo,4,3863.51
911,Valentine Mary,qcharpentier@example.org,0478089962,Togo,4,2222.83
912,Robert Charrier,xaviergillet@example.net,0272254099,Burkina Faso,12,312.21
913,Lucas Salmon-Lecoq,xneveu@example.com,0221725916,Sénégal,8,4854.8
914,Laetitia Lemonnier,colasalexandria@example.net,0164266636,Burkina Faso,11,4135.98
915,Henriette Lecomte-De Oliveira,augustinguichard@example.com,04 23 01 07 31,Côte d'Ivoire,2,4933.56
916,Richard-Yves Marty,bperrier@example.org,+33 6 99 19 32 12,Burkina Faso,11,1638.43
917,Clémence-Célina Mercier,louise92@example.net,04 94 25 31 66,Togo,3,481.07
918,Valérie Benard,genevievedias@example.com,0233951408,Burkina Faso,12,3743.66
919,Georges Boulanger de Huet,seguinsabine@example.org,0536339292,Côte d'Ivoire,1,3533.66
920,Henriette Michaud,henrimaury@example.org,02 37 36 15 36,Cameroun,6,3350.45
921,Thibault Mallet,simonemarechal@example.com,+33 2 14 44 06 14,Côte d'Ivoire,2,2003.93
922,Martine Renaud de la Jacob,blanctimothee@example.org,+33 5 64 23 47 32,Sénégal,8,2582.06
923,Paul Lévêque,theophilerousseau@example.com,+33 3 27 99 52 70,Cameroun,7,3732.71
924,Hortense Lefebvre,clercemmanuel@example.com,+33 (0)1 34 43 74 01,Cameroun,6,3135.86
925,Émile Buisson,gomesmargot@example.com,01 41 10 92 00,Côte d'Ivoire,2,865.95
926,Franck Pichon,tristanandre@example.org,0344928820,Togo,3,408.69
927,Margaret-Martine Techer,afournier@example.net,06 31 54 03 22,Burkina Faso,11,3330.98
928,Jérôme Gérard,meyersuzanne@example.net,+33 (0)4 91 65 12 33,Sénégal,9,3917.58
929,Laurence Cohen,chauvinbenoit@example.com,0486649851,Cameroun,6,1328.67
930,Daniel Blanc,valeriegonzalez@example.net,+33 4 38 80 68 37,Cameroun,6,2891.73
931,Capucine Imbert de la Clerc,vcolin@example.net,0579169838,Burkina Faso,10,3961.96
932,Jérôme Gomes de Delattre,david16@example.com,+33 2 48 16 68 53,Sénégal,8,2011.18
933,Bernard de Raymond,ale-roux@example.com,+33 1 46 86 94 36,Burkina Faso,12,2971.43
934,Gilles-Léon Perez,cparent@example.org,05 58 77 14 10,Cameroun,7,4262.97
935,Alice Bègue,bazinchristelle@example.org,+33 (0)6 31 76 26 27,Cameroun,7,2834.02
936,Bernadette Antoine,cousinzacharie@example.com,0432152057,Côte d'Ivoire,1,2114.82
937,Éléonore de la Ferrand,thibaultmarques@example.com,0444953068,Côte d'Ivoire,1,2187.52
938,Grégoire Foucher,gblanc@example.com,+33 4 83 68 14 10,Côte d'Ivoire,2,4787.65
939,Jeannine Humbert-Guyon,lacombevictoire@example.net,03 83 18 77 98,Burkina Faso,11,3945.61
940,Noël-Stéphane Lebrun,jmeyer@example.org,+33 (0)3 79 11 29 53,Cameroun,6,282.08
941,Alice Jacques,dupuylucy@example.com,+33 2 53 29 21 84,Togo,5,2396.5
942,Matthieu-Henri Rey,bmenard@example.com,+33 4 27 82 79 04,Burkina Faso,10,4841.11
943,Danielle Schmitt du Goncalves,michelle81@example.org,04 78 66 51 01,Burkina Faso,11,519.46
944,Richard-Gilbert Dias,mmoreno@example.org,+33 (0)6 37 68 60 85,Togo,3,1356.63
945,Yves Perrin,pprevost@example.org,+33 (0)1 30 11 46 46,Burkina Faso,12,228.7
946,Alfred Blondel,david99@example.org,+33 4 43 57 95 38,Togo,3,3181.49
947,Christophe de Baron,rolandjacquet@example.com,+33 (0)3 75 59 39 22,Burkina Faso,11,1691.18
948,Margot Ferrand,marchalmarine@example.net,+33 (0)4 95 96 94 88,Sénégal,8,1632.64
949,Richard de Carpentier,zbriand@example.net,+33 1 44 56 70 06,Togo,3,4206.26
950,Grégoire Weiss-Duval,aimeeduval@example.org,+33 5 57 54 19 89,Togo,3,732.29
951,Nath Denis de la Nicolas,yvesallard@example.org,+33 2 69 70 66 61,Togo,5,4494.9
952,Rémy-Philippe Rocher,lucy63@example.org,03 87 87 65 32,Burkina Faso,10,1373.72
953,François Alexandre,noemi39@example.org,+33 4 83 38 39 73,Togo,4,4119.83
954,Olivier de Gros,michel65@example.net,01 45 59 11 76,Burkina Faso,11,132.61
955,Henri Coste,suzanne69@example.net,04 65 95 18 31,Côte d'Ivoire,1,4681.44
956,Tristan Klein,lleroux@example.com,0243726104,Côte d'Ivoire,2,4190.05
957,Frédéric Lamy Le Rolland,hbazin@example.org,0236726381,Burkina Faso,12,2334.0
958,Hugues Samson,vcolin@example.net,0359882424,Togo,4,3999.05
959,Roland Hubert,tristanneveu@example.com,+33 (0)2 14 13 01 70,Cameroun,7,4810.9
960,Laetitia Besson Le Tanguy,alexandre19@example.org,02 50 03 95 81,Togo,3,737.58
961,Philippe Masse,charlotte76@example.org,0384974919,Togo,5,3730.47
962,Stéphanie Teixeira,evrardnathalie@example.org,+33 2 98 29 34 00,Burkina Faso,11,884.21
963,Patrick Cousin,gregoire82@example.org,+33 (0)5 90 88 67 68,Côte d'Ivoire,2,2727.58
964,Laure Girard-Joseph,sduval@example.com,+33 4 37 36 63 39,Sénégal,9,4753.95
965,Pauline Peltier,wbegue@example.net,+33 (0)1 30 11 46 46,Togo,3,4291.82
966,Étienne Baron de Germain,vbecker@example.net,01 60 45 14 48,Burkina Faso,10,1452.11
967,Théophile du Barbe,rolandmorvan@example.org,+33 (0)2 62 10 65 34,Sénégal,8,227.88
968,Yves Valette-Leleu,charpentierhenriette@example.org,0223174069,Burkina Faso,10,2665.88
969,Frédéric Laurent,blinastrid@example.com,0387545419,Togo,3,1162.81
970,Olivie Auger-Tessier,jdelorme@example.org,+33 (0)6 81 75 71 25,Burkina Faso,11,1650.32
971,Aurore Colin,gjoly@example.org,+33 3 44 26 79 76,Togo,4,3769.4
972,Alexandrie Courtois,nicole29@example.com,+33 (0)5 53 53 40 58,Burkina Faso,12,3301.64
973,Adélaïde-Maryse Buisson,honore24@example.com,+33 5 33 06 10 83,Sénégal,8,1279.97
974,Arthur Chevallier,maurice91@example.net,+33 4 67 83 41 74,Togo,5,4691.03
975,Océane-Alix Guilbert,stephanie68@example.com,+33 4 74 79 98 54,Burkina Faso,10,3293.24
976,Martine Le Thierry,aguillon@example.com,0596830360,Côte d'Ivoire,2,3375.27
977,Martin Evrard,martheblanchet@example.net,+33 (0)4 84 55 57 23,Burkina Faso,11,4024.09
978,Paulette Marin,anoukremy@example.net,+33 4 15 46 24 74,Cameroun,6,108.62
979,Robert Lesage,paulettegay@example.net,02 19 66 90 22,Burkina Faso,10,4888.98
980,Lorraine-Anne Pasquier,susannepasquier@example.org,03 27 18 43 17,Burkina Faso,11,797.04
981,Andrée Pinto,sabine48@example.com,+33 4 49 50 99 09,Cameroun,7,646.89
982,Vincent Foucher,zvalentin@example.org,+33 6 99 90 19 86,Sénégal,8,940.64
983,Antoine Martinez-Jean,dlemoine@example.net,02 43 21 56 99,Sénégal,8,4940.46
984,Jacques Barbe,vcolin@example.net,+33 5 90 49 69 17,Sénégal,9,2149.61
985,Élise Pinto du Ribeiro,toussaintemile@example.net,+33 (0)2 90 48 50 82,Burkina Faso,12,4970.89
986,Guy du Laurent,emmanuelle06@example.com,+33 (0)2 33 11 12 26,Burkina Faso,12,3548.98
987,Hugues Marques-Coste,vcolin@example.net,+33 (0)5 31 74 95 47,Burkina Faso,12,1558.94
988,Bernadette Da Costa de la Pinto,luciegosselin@example.org,+33 (0)1 30 11 46 46,Togo,3,3416.32
989,Christiane Voisin,vcolin@example.net,01 80 99 30 94,Burkina Faso,10,512.71
990,Capucine Vidal,bertrandjacquot@example.com,04 49 54 46 38,Côte d'Ivoire,2,2457.2
991,Marcel Lombard,martinlegrand@example.net,0420578709,Togo,5,2349.96
992,Marcelle Sanchez,qgallet@example.net,0276378185,Burkina Faso,10,2348.0
993,Maryse de Rocher,labbealain@example.org,+33 (0)5 46 45 03 53,Côte d'Ivoire,1,4657.76
994,David Gauthier,martine01@example.net,+33 3 56 25 12 60,Côte d'Ivoire,1,4938.01
995,Camille Georges de la Adam,rgoncalves@example.org,+33 (0)1 30 11 46 46,Burkina Faso,12,3779.85
996,Raymond Perez,honoreherve@example.net,+33 2 98 55 84 20,Togo,3,1499.59
997,Laetitia Pottier,maggie94@example.com,03 79 99 13 79,Togo,4,3431.1
998,Denis Dijoux de la Charpentier,emmanuelle54@example.org,+33 3 45 69 24 14,Côte d'Ivoire,2,265.1
999,Timothée Dias,gperrier@example.net,02 72 75 04 36,Sénégal,9,2421.62
1000,Émile Le Thibault,guillaumeleger@example.com,+33 (0)2 37 08 81 14,Sénégal,9,4194.83
